{
  "type": "FeatureCollection",
  "features": [
    {
      "type": "Feature",
      "id": 4874763,
      "geometry": {
        "type": "LineString",
        "coordinates": [
          [
            -121.5444409876654,
            39.52859767218456
          ],
          [
            -121.54442932214312,
            39.52858027196552
          ],
          [
            -121.54434078778198,
            39.52841487231747
          ],
          [
            -121.54432978791132,
            39.52838067181658
          ],
          [
            -121.54434598812914,
            39.52827407229487
          ],
          [
            -121.54435458770135,
            39.52823900493123
          ],
          [
            -121.54441558780073,
            39.52806667218449
          ],
          [
            -121.54447118812692,
            39.52789347221225
          ],
          [
            -121.54449598791699,
            39.52771627177918
          ],
          [
            -121.5445401877239,
            39.52754107195274
          ],
          [
            -121.54456192156388,
            39.5273280052812
          ],
          [
            -121.5445761221319,
            39.52729400518304
          ],
          [
            -121.54459598837441,
            39.527261604951754
          ],
          [
            -121.54462178798937,
            39.52723187233387
          ],
          [
            -121.54465212229988,
            39.527204605008635
          ],
          [
            -121.54467578841603,
            39.527176005243206
          ],
          [
            -121.54467998804,
            39.527140272149246
          ],
          [
            -121.54470092237939,
            39.527070671864635
          ],
          [
            -121.54473332191672,
            39.52700367193689
          ],
          [
            -121.54475418798413,
            39.5268620050137
          ],
          [
            -121.54476412155455,
            39.52682740533361
          ],
          [
            -121.5447787883482,
            39.526793472201135
          ],
          [
            -121.5448083222598,
            39.52665267166236
          ],
          [
            -121.5448093220847,
            39.526617072028145
          ],
          [
            -121.54479992211358,
            39.52658220476779
          ],
          [
            -121.54476598825372,
            39.526515672074666
          ],
          [
            -121.54477412160031,
            39.526480605208754
          ],
          [
            -121.5448017223374,
            39.52641240530411
          ],
          [
            -121.54485818774121,
            39.52631460466552
          ],
          [
            -121.54487398820875,
            39.52624427185055
          ],
          [
            -121.54490098797291,
            39.52617600519529
          ],
          [
            -121.54492218821365,
            39.526144205187826
          ],
          [
            -121.54501772224747,
            39.52602147215544
          ],
          [
            -121.54510392188718,
            39.52585547190041
          ],
          [
            -121.54512812160262,
            39.52578660480728
          ],
          [
            -121.5451391879486,
            39.52571527228758
          ],
          [
            -121.54515338761831,
            39.525681804937406
          ],
          [
            -121.54522252196257,
            39.52558820505745
          ],
          [
            -121.54524212230376,
            39.52555580472317
          ],
          [
            -121.54525258767684,
            39.52544927223428
          ],
          [
            -121.5452513884259,
            39.52537787215594
          ],
          [
            -121.5452571879494,
            39.52530667225503
          ],
          [
            -121.54527378791752,
            39.52523647215094
          ],
          [
            -121.54530892192662,
            39.52517040519045
          ],
          [
            -121.54533312164206,
            39.52499287213935
          ],
          [
            -121.5453421883382,
            39.52495787171703
          ],
          [
            -121.54535678775821,
            39.524924004883644
          ],
          [
            -121.54540958803564,
            39.5248650046574
          ],
          [
            -121.54553578785836,
            39.52475927211867
          ],
          [
            -121.54558732240957,
            39.52466000502004
          ],
          [
            -121.54565132198366,
            39.52456480520306
          ],
          [
            -121.54568012197166,
            39.52449700530917
          ],
          [
            -121.54573312167511,
            39.524398005302274
          ],
          [
            -121.54579558782504,
            39.524302072017036
          ],
          [
            -121.54588112181312,
            39.524098272244316
          ],
          [
            -121.54591792219705,
            39.52399520490519
          ],
          [
            -121.54593958776508,
            39.52392580518777
          ],
          [
            -121.5459707215762,
            39.523749205096905
          ],
          [
            -121.5460491220426,
            39.52354387233232
          ],
          [
            -121.54608398835373,
            39.523477672105294
          ],
          [
            -121.5462015221289,
            39.52328340532221
          ],
          [
            -121.54627698779927,
            39.523165605060676
          ],
          [
            -121.54626938805197,
            39.52313040484608
          ],
          [
            -121.54625772163138,
            39.52302367184364
          ],
          [
            -121.54626092232874,
            39.522952405086265
          ],
          [
            -121.54629618839016,
            39.52277600485711
          ],
          [
            -121.54633572234748,
            39.52267327232249
          ],
          [
            -121.54636418816219,
            39.522568471911846
          ],
          [
            -121.54637052218328,
            39.52253320487261
          ],
          [
            -121.54637838783192,
            39.522426204863976
          ],
          [
            -121.5465123221492,
            39.52227980483116
          ],
          [
            -121.54661772237982,
            39.522179471909915
          ],
          [
            -121.546637388298,
            39.5221096719366
          ],
          [
            -121.54666272168733,
            39.52204100485383
          ],
          [
            -121.54676012242032,
            39.521840072085794
          ],
          [
            -121.546900921663,
            39.52161447192246
          ],
          [
            -121.54692452220213,
            39.521584005134756
          ],
          [
            -121.54701372221493,
            39.52150120486571
          ],
          [
            -121.54706132214518,
            39.521439671777316
          ],
          [
            -121.54712118767236,
            39.52134267211431
          ],
          [
            -121.54716638820251,
            39.52128020478901
          ],
          [
            -121.54731018781824,
            39.521055471769024
          ],
          [
            -121.54732178776351,
            39.52098467212103
          ],
          [
            -121.54734372192779,
            39.52091527216705
          ],
          [
            -121.54737552228886,
            39.5208482053205
          ],
          [
            -121.54745732198032,
            39.52071120467604
          ]
        ]
      },
      "properties": {
        "OBJECTID": 4874763,
        "permanent_identifier": "129659241",
        "fdate": 1526515200000,
        "resolution": 2,
        "gnis_id": "00223423",
        "gnis_name": "Feather River",
        "lengthkm": 0.94315265,
        "reachcode": "18020159002161",
        "flowdir": 1,
        "wbarea_permanent_identifier": "129660018",
        "ftype": 558,
        "fcode": 55800,
        "mainpath": 0,
        "innetwork": 1,
        "visibilityfilter": 5000000,
        "nhdplusid": 50000900309734,
        "vpuid": "1802",
        "streamleve": 2,
        "streamorde": 9,
        "streamcalc": 9,
        "fromnode": 50000900169959,
        "tonode": 50000900202525,
        "hydroseq": 50000900004908,
        "levelpathi": 50000900002383,
        "pathlength": 235.67634585,
        "terminalpa": 50000900001300,
        "arbolatesu": 29854.25391729,
        "divergence": 0,
        "startflag": 0,
        "terminalfl": 0,
        "uplevelpat": 50000900002383,
        "uphydroseq": 50000900004910,
        "dnlevel": 2,
        "dnlevelpat": 50000900002383,
        "dnhydroseq": 50000900004902,
        "dnminorhyd": 50000900004903,
        "dndraincou": 2,
        "frommeas": 0,
        "tomeas": 100,
        "rtndiv": 0,
        "thinner": null,
        "vpuin": 0,
        "vpuout": 0,
        "areasqkm": 1.3621000200000002,
        "totdasqkm": 9040.47681554,
        "divdasqkm": 9040.47681554,
        "maxelevraw": -9998,
        "minelevraw": 4446,
        "maxelevsmo": 6035,
        "minelevsmo": 4569,
        "slope": 0.01554361,
        "slopelenkm": 0.94315265,
        "elevfixed": null,
        "hwtype": null,
        "hwnodesqkm": null,
        "statusflag": "A",
        "qama": 8198.990263,
        "vama": 3.5582093900000005,
        "qincrama": 0.459046,
        "qbma": 8198.990263,
        "vbma": 3.5582093900000005,
        "qincrbma": 0.459046,
        "qcma": 8198.990263,
        "vcma": 3.5582093900000005,
        "qincrcma": 0.459046,
        "qdma": 8198.990263,
        "vdma": 3.5582093900000005,
        "qincrdma": 0.459046,
        "qema": 8198.990263,
        "vema": 3.5582093900000005,
        "qincrema": 0.459046,
        "qfma": 8198.990263,
        "qincrfma": 0.459046,
        "arqnavma": 0,
        "petma": 0,
        "qlossma": 0,
        "qgadjma": 0,
        "qgnavma": 0,
        "gageadjma": 0,
        "avgqadjma": 0,
        "gageidma": "0",
        "gageqma": 0,
        "Shape_Length": 1216.699089396008
      }
    },
    {
      "type": "Feature",
      "id": 5126901,
      "geometry": {
        "type": "LineString",
        "coordinates": [
          [
            -121.48090478884164,
            39.534652071865224
          ],
          [
            -121.48123092220554,
            39.534536604900815
          ],
          [
            -121.48168478881632,
            39.53441567209695
          ],
          [
            -121.48249318902869,
            39.534300005207214
          ],
          [
            -121.48501923633627,
            39.53386378775845
          ]
        ]
      },
      "properties": {
        "OBJECTID": 5126901,
        "permanent_identifier": "129658082",
        "fdate": 1532476800000,
        "resolution": 2,
        "gnis_id": "00223423",
        "gnis_name": "Feather River",
        "lengthkm": 0.36230185000000004,
        "reachcode": "18020159007063",
        "flowdir": 1,
        "wbarea_permanent_identifier": null,
        "ftype": 334,
        "fcode": 33400,
        "mainpath": 0,
        "innetwork": 1,
        "visibilityfilter": 0,
        "nhdplusid": 50000900250572,
        "vpuid": "1802",
        "streamleve": 2,
        "streamorde": 1,
        "streamcalc": 1,
        "fromnode": 50000900121135,
        "tonode": 50000900023453,
        "hydroseq": 50000900004955,
        "levelpathi": 50000900002383,
        "pathlength": 244.01063033,
        "terminalpa": 50000900001300,
        "arbolatesu": 29757.9780297,
        "divergence": 1,
        "startflag": 0,
        "terminalfl": 0,
        "uplevelpat": 50000900002383,
        "uphydroseq": 50000900004958,
        "dnlevel": 2,
        "dnlevelpat": 50000900002383,
        "dnhydroseq": 50000900004952,
        "dnminorhyd": 0,
        "dndraincou": 1,
        "frommeas": 33.338359829999995,
        "tomeas": 100,
        "rtndiv": 0,
        "thinner": null,
        "vpuin": 0,
        "vpuout": 0,
        "areasqkm": 0.11080000000000001,
        "totdasqkm": 8994.94861555,
        "divdasqkm": 1.37360005,
        "maxelevraw": -9998,
        "minelevraw": 10798,
        "maxelevsmo": 26527,
        "minelevsmo": 10798,
        "slope": 0.43414077000000006,
        "slopelenkm": 0.36230185000000004,
        "elevfixed": null,
        "hwtype": null,
        "hwnodesqkm": null,
        "statusflag": "A",
        "qama": 0.7615830000000001,
        "vama": 1.01181211,
        "qincrama": 0.058834000000000004,
        "qbma": 0.7615830000000001,
        "vbma": 1.01181211,
        "qincrbma": 0.058834000000000004,
        "qcma": 0.7615830000000001,
        "vcma": 1.01181211,
        "qincrcma": 0.058834000000000004,
        "qdma": 0.7615830000000001,
        "vdma": 1.01181211,
        "qincrdma": 0.058834000000000004,
        "qema": 0.7615830000000001,
        "vema": 1.01181211,
        "qincrema": 0.058834000000000004,
        "qfma": 0.7615830000000001,
        "qincrfma": 0.058834000000000004,
        "arqnavma": 0,
        "petma": 0,
        "qlossma": 0,
        "qgadjma": 0,
        "qgnavma": 0,
        "gageadjma": 0,
        "avgqadjma": 0,
        "gageidma": "0",
        "gageqma": 0,
        "Shape_Length": 473.08936790043276
      }
    },
    {
      "type": "Feature",
      "id": 5276025,
      "geometry": {
        "type": "LineString",
        "coordinates": [
          [
            -121.57613112184463,
            39.511178205316746
          ],
          [
            -121.57623852172502,
            39.51110887180048
          ],
          [
            -121.57633592155972,
            39.51103167207384
          ],
          [
            -121.57644898801294,
            39.510917671835855
          ],
          [
            -121.57654832192043,
            39.51079660502781
          ],
          [
            -121.57663278781165,
            39.51071100512417
          ],
          [
            -121.57692372158945,
            39.510478472198095
          ],
          [
            -121.57697498844271,
            39.51041867169341
          ],
          [
            -121.57716432186356,
            39.510131805285006
          ],
          [
            -121.5771809218317,
            39.510098604877975
          ],
          [
            -121.57718958787927,
            39.51006347219884
          ],
          [
            -121.57720878757182,
            39.5099216050788
          ],
          [
            -121.57722458803936,
            39.50985127229659
          ],
          [
            -121.57726252209717,
            39.50974820530114
          ],
          [
            -121.57727878789201,
            39.50971467203949
          ],
          [
            -121.5773207221478,
            39.50965087188728
          ],
          [
            -121.57733558836745,
            39.50961720481682
          ],
          [
            -121.57742358823097,
            39.50930340520132
          ],
          [
            -121.57743752199936,
            39.50926927221967
          ],
          [
            -121.57756498844661,
            39.509039404874954
          ],
          [
            -121.57764572183783,
            39.508797272126046
          ],
          [
            -121.57775418801849,
            39.50852420512134
          ],
          [
            -121.5778069218206,
            39.50831407213199
          ],
          [
            -121.57804178814825,
            39.50755080472919
          ],
          [
            -121.5781301221851,
            39.50716427189116
          ],
          [
            -121.57816352244568,
            39.50691620527537
          ],
          [
            -121.57814532167968,
            39.50616760516342
          ],
          [
            -121.57822512172133,
            39.505852405147714
          ],
          [
            -121.57823718789223,
            39.5057816052528
          ],
          [
            -121.57824418756493,
            39.50553207193843
          ],
          [
            -121.57825358843438,
            39.50542527169439
          ],
          [
            -121.57831732210714,
            39.50518040519975
          ],
          [
            -121.57832878820345,
            39.50510960531331
          ],
          [
            -121.57832998835266,
            39.505073871956334
          ],
          [
            -121.5783209216565,
            39.50496720477883
          ],
          [
            -121.57832118755782,
            39.50493147204177
          ],
          [
            -121.57842092211392,
            39.50454660474889
          ],
          [
            -121.57848092238838,
            39.50437407181842
          ],
          [
            -121.57849012203522,
            39.50433907209617
          ],
          [
            -121.5785601223554,
            39.50405867167291
          ],
          [
            -121.5785815220221,
            39.50391687200207
          ],
          [
            -121.5786033223374,
            39.503886271997
          ],
          [
            -121.57865758776711,
            39.50382807178715
          ],
          [
            -121.5786777881829,
            39.503796005091985
          ],
          [
            -121.57870978796996,
            39.50372887181251
          ],
          [
            -121.57873338761078,
            39.503659805340725
          ],
          [
            -121.57875892222272,
            39.50351840479037
          ],
          [
            -121.57876552214512,
            39.50344720466213
          ],
          [
            -121.5787485880037,
            39.503233605226136
          ],
          [
            -121.57874958782863,
            39.503162404806176
          ],
          [
            -121.57877098839364,
            39.50305660526811
          ],
          [
            -121.57879598760967,
            39.502987804984194
          ],
          [
            -121.57883072186843,
            39.50291760519656
          ]
        ]
      },
      "properties": {
        "OBJECTID": 5276025,
        "permanent_identifier": "129659371",
        "fdate": 1539820800000,
        "resolution": 2,
        "gnis_id": "00223423",
        "gnis_name": "Feather River",
        "lengthkm": 0.97544801,
        "reachcode": "18020159001237",
        "flowdir": 1,
        "wbarea_permanent_identifier": "{67F17103-BA22-453F-9E2F-03DF71FD8FFD}",
        "ftype": 558,
        "fcode": 55800,
        "mainpath": 0,
        "innetwork": 1,
        "visibilityfilter": 5000000,
        "nhdplusid": 50000900101840,
        "vpuid": "1802",
        "streamleve": 2,
        "streamorde": 9,
        "streamcalc": 9,
        "fromnode": 50000900055759,
        "tonode": 50000900023228,
        "hydroseq": 50000900004898,
        "levelpathi": 50000900002383,
        "pathlength": 231.79120743000001,
        "terminalpa": 50000900001300,
        "arbolatesu": 29860.0423844,
        "divergence": 0,
        "startflag": 0,
        "terminalfl": 0,
        "uplevelpat": 50000900002383,
        "uphydroseq": 50000900004899,
        "dnlevel": 2,
        "dnlevelpat": 50000900002383,
        "dnhydroseq": 50000900004895,
        "dnminorhyd": 0,
        "dndraincou": 1,
        "frommeas": 0,
        "tomeas": 24.87111092,
        "rtndiv": 0,
        "thinner": null,
        "vpuin": 0,
        "vpuout": 0,
        "areasqkm": 0.52729998,
        "totdasqkm": 9046.05511557,
        "divdasqkm": 9046.05511557,
        "maxelevraw": -9998,
        "minelevraw": 4028,
        "maxelevsmo": 4028,
        "minelevsmo": 4028,
        "slope": 1e-05,
        "slopelenkm": 0.97544801,
        "elevfixed": null,
        "hwtype": null,
        "hwnodesqkm": null,
        "statusflag": "A",
        "qama": 8200.647958,
        "vama": 1.31869145,
        "qincrama": 0.148294,
        "qbma": 8200.647958,
        "vbma": 1.31869145,
        "qincrbma": 0.148294,
        "qcma": 8200.647958,
        "vcma": 1.31869145,
        "qincrcma": 0.148294,
        "qdma": 8200.647958,
        "vdma": 1.31869145,
        "qincrdma": 0.148294,
        "qema": 8200.647958,
        "vema": 1.31869145,
        "qincrema": 0.148294,
        "qfma": 8200.647958,
        "qincrfma": 0.148294,
        "arqnavma": 0,
        "petma": 0,
        "qlossma": 0,
        "qgadjma": 0,
        "qgnavma": 0,
        "gageadjma": 0,
        "avgqadjma": 0,
        "gageidma": "0",
        "gageqma": 0,
        "Shape_Length": 1257.5730347175797
      }
    },
    {
      "type": "Feature",
      "id": 5632016,
      "geometry": {
        "type": "LineString",
        "coordinates": [
          [
            -121.63902158828591,
            39.45172687204481
          ],
          [
            -121.63894272159386,
            39.45165980502634
          ],
          [
            -121.63882272194328,
            39.45155000525696
          ],
          [
            -121.63876652244078,
            39.45149287176836
          ],
          [
            -121.63868792165006,
            39.451404071887964
          ],
          [
            -121.63860318806087,
            39.45131860487022
          ],
          [
            -121.63842312166048,
            39.45127867227179
          ],
          [
            -121.6382395877631,
            39.4512488717689
          ],
          [
            -121.63814918760113,
            39.45122980476761
          ],
          [
            -121.63779772174621,
            39.45113007194636
          ],
          [
            -121.63775472208849,
            39.45111600473767
          ],
          [
            -121.63767172224783,
            39.45108267210074
          ],
          [
            -121.63754092215255,
            39.45104327209034
          ],
          [
            -121.63749932207007,
            39.451027005299025
          ],
          [
            -121.63722592161,
            39.45088900482218
          ],
          [
            -121.63708252174456,
            39.45079760505547
          ],
          [
            -121.63694818767695,
            39.4506982718533
          ],
          [
            -121.63688158837844,
            39.45064827189829
          ],
          [
            -121.63678618819358,
            39.45056980501155
          ],
          [
            -121.63675632190532,
            39.4505422717639
          ],
          [
            -121.63670412170248,
            39.45048320492356
          ],
          [
            -121.6365853222011,
            39.450372871957576
          ],
          [
            -121.63655818768962,
            39.4503438049562
          ],
          [
            -121.63646592172678,
            39.450219871905176
          ],
          [
            -121.63631918821333,
            39.45003747212427
          ],
          [
            -121.63621178833291,
            39.44987907187214
          ],
          [
            -121.63609572240495,
            39.44968420467596
          ],
          [
            -121.63604798772737,
            39.449583472151076
          ],
          [
            -121.63600572199326,
            39.44948147215319
          ],
          [
            -121.63598172170381,
            39.449412471804685
          ],
          [
            -121.63596492230967,
            39.44934240522155
          ],
          [
            -121.63596252201124,
            39.4491284051291
          ],
          [
            -121.63597312213159,
            39.44895027203412
          ],
          [
            -121.63598338807867,
            39.44887940518238
          ],
          [
            -121.63600492159433,
            39.44877360490761
          ],
          [
            -121.63604192230257,
            39.448633804735955
          ],
          [
            -121.63610778767753,
            39.44824487165682
          ],
          [
            -121.63611778772328,
            39.448138204706474
          ],
          [
            -121.63610652195128,
            39.44788860534638
          ],
          [
            -121.63609158835801,
            39.447710672328945
          ],
          [
            -121.6360869216101,
            39.44760380477911
          ],
          [
            -121.63606532161911,
            39.44742627198456
          ],
          [
            -121.63601318789159,
            39.44689340520135
          ],
          [
            -121.63598332160332,
            39.446466205092094
          ],
          [
            -121.6359811216292,
            39.44639480503452
          ],
          [
            -121.63600218802094,
            39.4457892719987
          ],
          [
            -121.63603318798307,
            39.44532667218946
          ],
          [
            -121.63606858789346,
            39.44489987175873
          ],
          [
            -121.63604898755229,
            39.444115605169856
          ],
          [
            -121.63607092171658,
            39.443402805095126
          ],
          [
            -121.63602218811242,
            39.4427620717267
          ],
          [
            -121.63598358840295,
            39.44251407227497
          ],
          [
            -121.6358895222163,
            39.44198387210466
          ],
          [
            -121.63586292220245,
            39.44166360473251
          ],
          [
            -121.63583378804115,
            39.44148667214663
          ],
          [
            -121.63582172187024,
            39.44134440495145
          ],
          [
            -121.63581332172402,
            39.44091627170164
          ],
          [
            -121.63583438811574,
            39.440631471757825
          ],
          [
            -121.63582132211994,
            39.44031047180341
          ],
          [
            -121.63580398822822,
            39.4400620050472
          ],
          [
            -121.6357745881656,
            39.439921071819356
          ],
          [
            -121.6357617215958,
            39.43988720517755
          ],
          [
            -121.63565032241571,
            39.439730272039476
          ],
          [
            -121.63554578816105,
            39.43957067171743
          ],
          [
            -121.63550538822777,
            39.43946840521674
          ],
          [
            -121.63549872183003,
            39.439433005132464
          ],
          [
            -121.63549898773138,
            39.43939727202244
          ],
          [
            -121.63552292244383,
            39.43922007212901
          ],
          [
            -121.63553152201605,
            39.43918507222282
          ],
          [
            -121.63558432229348,
            39.43904840529148
          ],
          [
            -121.6356071224337,
            39.4389792718081
          ],
          [
            -121.63567858790614,
            39.43880980502197
          ],
          [
            -121.63569478812398,
            39.43877647204456
          ],
          [
            -121.63587058842508,
            39.43848467217875
          ],
          [
            -121.63615092208252,
            39.4380334053081
          ],
          [
            -121.6362187224286,
            39.4379004721283
          ],
          [
            -121.63624338836966,
            39.437831671908434
          ],
          [
            -121.63629592184749,
            39.43765787173405
          ],
          [
            -121.63631012241551,
            39.43758740480502
          ],
          [
            -121.63637278799138,
            39.437342271693154
          ],
          [
            -121.63639872235366,
            39.43727380532743
          ],
          [
            -121.63644418788681,
            39.437198072158765
          ],
          [
            -121.63641978784706,
            39.43712907212779
          ],
          [
            -121.63640178830371,
            39.43705907227789
          ],
          [
            -121.63638052158765,
            39.43691747179163
          ],
          [
            -121.63637852193787,
            39.43684620486573
          ],
          [
            -121.6363727224144,
            39.43681080483645
          ],
          [
            -121.63637098776758,
            39.43677520497697
          ],
          [
            -121.63638398818637,
            39.43666880491434
          ],
          [
            -121.63639858760635,
            39.43641947179924
          ],
          [
            -121.63639412208109,
            39.43634847216936
          ],
          [
            -121.63638632200946,
            39.436313271700605
          ],
          [
            -121.63636598774468,
            39.4362438052551
          ],
          [
            -121.63633832232887,
            39.43617560492205
          ],
          [
            -121.63631952238663,
            39.43614300472302
          ],
          [
            -121.63624952206642,
            39.436050805077755
          ],
          [
            -121.63619998806335,
            39.43595080491217
          ],
          [
            -121.63619272159102,
            39.43591547172655
          ],
          [
            -121.63618678821857,
            39.435809605272055
          ],
          [
            -121.63612818841763,
            39.43571220513339
          ],
          [
            -121.63609498758305,
            39.435645672183576
          ],
          [
            -121.63601152241503,
            39.435441604845415
          ],
          [
            -121.63598652230068,
            39.43537300478844
          ],
          [
            -121.63596912193364,
            39.43530287204451
          ],
          [
            -121.63593792164717,
            39.435162405140304
          ],
          [
            -121.63593338784996,
            39.43512687173789
          ],
          [
            -121.63593292162433,
            39.43509120510605
          ],
          [
            -121.63594592204309,
            39.43502060514442
          ],
          [
            -121.63596412191077,
            39.434950605257306
          ],
          [
            -121.63600238834525,
            39.434847604859364
          ],
          [
            -121.63605472239705,
            39.43474820519586
          ],
          [
            -121.6361483223581,
            39.43461380526895
          ]
        ]
      },
      "properties": {
        "OBJECTID": 5632016,
        "permanent_identifier": "129659348",
        "fdate": 1539820800000,
        "resolution": 2,
        "gnis_id": "00223423",
        "gnis_name": "Feather River",
        "lengthkm": 2.07795494,
        "reachcode": "18020159001275",
        "flowdir": 1,
        "wbarea_permanent_identifier": "{67F17103-BA22-453F-9E2F-03DF71FD8FFD}",
        "ftype": 558,
        "fcode": 55800,
        "mainpath": 0,
        "innetwork": 1,
        "visibilityfilter": 5000000,
        "nhdplusid": 50000900072023,
        "vpuid": "1802",
        "streamleve": 2,
        "streamorde": 9,
        "streamcalc": 9,
        "fromnode": 50000900039276,
        "tonode": 50000900195428,
        "hydroseq": 50000900004879,
        "levelpathi": 50000900002383,
        "pathlength": 220.32863397,
        "terminalpa": 50000900001300,
        "arbolatesu": 29874.18184278,
        "divergence": 1,
        "startflag": 0,
        "terminalfl": 0,
        "uplevelpat": 50000900002383,
        "uphydroseq": 50000900004882,
        "dnlevel": 2,
        "dnlevelpat": 50000900002383,
        "dnhydroseq": 50000900004871,
        "dnminorhyd": 0,
        "dndraincou": 1,
        "frommeas": 73.94846344000001,
        "tomeas": 95.23605347,
        "rtndiv": 0,
        "thinner": null,
        "vpuin": 0,
        "vpuout": 0,
        "areasqkm": 0.34500002,
        "totdasqkm": 9055.42611572,
        "divdasqkm": 9055.42611572,
        "maxelevraw": -9998,
        "minelevraw": 3102,
        "maxelevsmo": 3236,
        "minelevsmo": 3103,
        "slope": 0.0006400500000000001,
        "slopelenkm": 2.07795494,
        "elevfixed": null,
        "hwtype": null,
        "hwnodesqkm": null,
        "statusflag": "A",
        "qama": 8203.069127,
        "vama": 2.2659504200000002,
        "qincrama": 0.078149,
        "qbma": 8203.069127,
        "vbma": 2.2659504200000002,
        "qincrbma": 0.078149,
        "qcma": 8203.069127,
        "vcma": 2.2659504200000002,
        "qincrcma": 0.078149,
        "qdma": 8203.069127,
        "vdma": 2.2659504200000002,
        "qincrdma": 0.078149,
        "qema": 8203.069127,
        "vema": 2.2659504200000002,
        "qincrema": 0.078149,
        "qfma": 8203.069127,
        "qincrfma": 0.078149,
        "arqnavma": 0,
        "petma": 0,
        "qlossma": 0,
        "qgadjma": 0,
        "qgnavma": 0,
        "gageadjma": 0,
        "avgqadjma": 0,
        "gageidma": "0",
        "gageqma": 0,
        "Shape_Length": 2677.6447998100725
      }
    },
    {
      "type": "Feature",
      "id": 5678158,
      "geometry": {
        "type": "LineString",
        "coordinates": [
          [
            -121.60989978780968,
            39.15847867271442
          ],
          [
            -121.60983732165975,
            39.15838287324817
          ],
          [
            -121.60976058756818,
            39.158252805793445
          ],
          [
            -121.6094675220882,
            39.15768940585047
          ],
          [
            -121.60940372194011,
            39.15755520578754
          ],
          [
            -121.60935158821259,
            39.15741827283926
          ],
          [
            -121.60930252223177,
            39.15731807310715
          ],
          [
            -121.60922192179122,
            39.157189405876366
          ],
          [
            -121.60918498755831,
            39.157123872680664
          ],
          [
            -121.60910218804194,
            39.1569960061507
          ],
          [
            -121.60904558789083,
            39.15689807315718
          ],
          [
            -121.6090025217578,
            39.156796272657466
          ],
          [
            -121.60887378778769,
            39.15652847279907
          ],
          [
            -121.60881712205958,
            39.15639247265807
          ],
          [
            -121.60879012229539,
            39.156324206048325
          ],
          [
            -121.60870992160513,
            39.15608207265472
          ],
          [
            -121.60866652219714,
            39.15598027306415
          ],
          [
            -121.60863278776327,
            39.15591380602011
          ],
          [
            -121.60857592171084,
            39.15581600596063
          ],
          [
            -121.60846698840622,
            39.15565820625323
          ],
          [
            -121.60838018779359,
            39.15549267270233
          ],
          [
            -121.60832192216594,
            39.15535720623443
          ],
          [
            -121.60824372202384,
            39.15515160629561
          ],
          [
            -121.60822338775907,
            39.15508187285787
          ],
          [
            -121.60817632232637,
            39.15487107275609
          ],
          [
            -121.60815752238413,
            39.154801205991255
          ],
          [
            -121.60803092191281,
            39.154421073234616
          ],
          [
            -121.60797952210888,
            39.15428387296286
          ],
          [
            -121.60793572205223,
            39.15418220591072
          ],
          [
            -121.60788198842523,
            39.15408347278787
          ],
          [
            -121.60778418794193,
            39.153883005865
          ],
          [
            -121.60775878807726,
            39.15381440593459
          ],
          [
            -121.6077121879719,
            39.153713406246396
          ],
          [
            -121.60760258811736,
            39.1534406062619
          ],
          [
            -121.60754798761606,
            39.1533420058469
          ],
          [
            -121.60750432230674,
            39.15324047327249
          ],
          [
            -121.60742212196666,
            39.15307380622343
          ],
          [
            -121.60737812158571,
            39.1530108062478
          ],
          [
            -121.6072985218684,
            39.15288180582308
          ],
          [
            -121.6072077219561,
            39.15271767289852
          ],
          [
            -121.60717738764559,
            39.15265027279367
          ],
          [
            -121.60715892187662,
            39.152617672670154
          ],
          [
            -121.60706952243787,
            39.15249240607794
          ],
          [
            -121.60650491780704,
            39.151181066266304
          ],
          [
            -121.6057125237764,
            39.149958336290055
          ],
          [
            -121.60569589955378,
            39.14875401500113
          ],
          [
            -121.60588625705404,
            39.14711218699744
          ],
          [
            -121.60671189773335,
            39.14623923813642
          ],
          [
            -121.60711164713649,
            39.14538976998473
          ],
          [
            -121.60749711961478,
            39.14418338423754
          ],
          [
            -121.60812295072041,
            39.143780942189665
          ],
          [
            -121.60814674619397,
            39.14290054111095
          ],
          [
            -121.60798018326892,
            39.14182978383191
          ],
          [
            -121.60755188001617,
            39.14059246415332
          ],
          [
            -121.60702839936077,
            39.13940273408722
          ],
          [
            -121.60543415922605,
            39.13787987925018
          ],
          [
            -121.60367335796292,
            39.135904926076954
          ],
          [
            -121.60205052175776,
            39.13419780614537
          ],
          [
            -121.60109399025332,
            39.132790525313304
          ],
          [
            -121.5999955878161,
            39.1308892730771
          ],
          [
            -121.5999471883852,
            39.130811472794164
          ],
          [
            -121.59988132211195,
            39.13071707322753
          ],
          [
            -121.59968818791913,
            39.13039227280703
          ],
          [
            -121.59964552243471,
            39.13032880585921
          ],
          [
            -121.5995259216361,
            39.13013527309043
          ],
          [
            -121.59937892222132,
            39.1299122056908
          ],
          [
            -121.59921858821446,
            39.12969460569327
          ],
          [
            -121.59910918778591,
            39.12949747268675
          ],
          [
            -121.59908478774615,
            39.129428672688135
          ],
          [
            -121.59904578828642,
            39.12928907324197
          ],
          [
            -121.59900632170273,
            39.12918640565196
          ],
          [
            -121.59892332186205,
            39.12890807309879
          ],
          [
            -121.59888292192876,
            39.12880560634285
          ],
          [
            -121.59881218768497,
            39.12852527301591
          ],
          [
            -121.59875418795868,
            39.12831587279908
          ],
          [
            -121.59867912203858,
            39.12810960572261
          ],
          [
            -121.59863218775993,
            39.12800867298166
          ],
          [
            -121.59851918778202,
            39.12781280632749
          ],
          [
            -121.59847618812431,
            39.127749472942796
          ],
          [
            -121.5984051879792,
            39.12765720584716
          ],
          [
            -121.59827278798441,
            39.12751020569744
          ],
          [
            -121.59818572236877,
            39.127426405872015
          ],
          [
            -121.59809352198295,
            39.12734580594588
          ]
        ]
      },
      "properties": {
        "OBJECTID": 5678158,
        "permanent_identifier": "129659248",
        "fdate": 1539820800000,
        "resolution": 2,
        "gnis_id": "00223423",
        "gnis_name": "Feather River",
        "lengthkm": 3.84472454,
        "reachcode": "18020159001305",
        "flowdir": 1,
        "wbarea_permanent_identifier": "{67F17103-BA22-453F-9E2F-03DF71FD8FFD}",
        "ftype": 558,
        "fcode": 55800,
        "mainpath": 0,
        "innetwork": 1,
        "visibilityfilter": 5000000,
        "nhdplusid": 50000900088649,
        "vpuid": "1802",
        "streamleve": 2,
        "streamorde": 9,
        "streamcalc": 9,
        "fromnode": 50000900048662,
        "tonode": 50000900218799,
        "hydroseq": 50000900004763,
        "levelpathi": 50000900002383,
        "pathlength": 171.89950473,
        "terminalpa": 50000900001300,
        "arbolatesu": 30938.56675257,
        "divergence": 0,
        "startflag": 0,
        "terminalfl": 0,
        "uplevelpat": 50000900002383,
        "uphydroseq": 50000900004771,
        "dnlevel": 2,
        "dnlevelpat": 50000900002383,
        "dnhydroseq": 50000900004748,
        "dnminorhyd": 0,
        "dndraincou": 1,
        "frommeas": 0,
        "tomeas": 100,
        "rtndiv": 0,
        "thinner": null,
        "vpuin": 0,
        "vpuout": 0,
        "areasqkm": 8.354600079999999,
        "totdasqkm": 9780.73571523,
        "divdasqkm": 9780.73571523,
        "maxelevraw": -9998,
        "minelevraw": 1285,
        "maxelevsmo": 1419,
        "minelevsmo": 1310,
        "slope": 0.00028351,
        "slopelenkm": 3.84472454,
        "elevfixed": null,
        "hwtype": null,
        "hwnodesqkm": null,
        "statusflag": "A",
        "qama": 8473.670135999999,
        "vama": 2.05262484,
        "qincrama": 1.474962,
        "qbma": 8473.670135999999,
        "vbma": 2.05262484,
        "qincrbma": 1.474962,
        "qcma": 8473.670135999999,
        "vcma": 2.05262484,
        "qincrcma": 1.474962,
        "qdma": 8473.670135999999,
        "vdma": 2.05262484,
        "qincrdma": 1.474962,
        "qema": 8473.670135999999,
        "vema": 2.05262484,
        "qincrema": 1.474962,
        "qfma": 8473.670135999999,
        "qincrfma": 1.474962,
        "arqnavma": 0,
        "petma": 0,
        "qlossma": 0,
        "qgadjma": 0,
        "qgnavma": 0,
        "gageadjma": 0,
        "avgqadjma": 0,
        "gageidma": "0",
        "gageqma": 0,
        "Shape_Length": 4936.381258612214
      }
    },
    {
      "type": "Feature",
      "id": 6081220,
      "geometry": {
        "type": "LineString",
        "coordinates": [
          [
            -121.52489298771953,
            39.539893405257416
          ],
          [
            -121.52493838767568,
            39.53988467227211
          ],
          [
            -121.52512358794792,
            39.53986047193509
          ],
          [
            -121.52539898805783,
            39.539815271809836
          ],
          [
            -121.5254915217186,
            39.53980267180035
          ],
          [
            -121.5256313220347,
            39.53978960486481
          ],
          [
            -121.52591232224208,
            39.539773804967645
          ],
          [
            -121.52610012223876,
            39.53977267229629
          ],
          [
            -121.52652212201316,
            39.53979080473411
          ],
          [
            -121.5268495875786,
            39.53977007165514
          ],
          [
            -121.52745938824799,
            39.53974860493124
          ],
          [
            -121.52774072173037,
            39.53975887171647
          ],
          [
            -121.5279187220056,
            39.53980460530753
          ],
          [
            -121.52805492187402,
            39.539831871840875
          ],
          [
            -121.52814412188678,
            39.53985367175877
          ],
          [
            -121.5282849220278,
            39.539858672133015
          ],
          [
            -121.52847272202447,
            39.539856404714776
          ],
          [
            -121.52856612166117,
            39.539863671814125
          ],
          [
            -121.52870438765477,
            39.5398838721294
          ],
          [
            -121.5288901880016,
            39.53990500489917
          ],
          [
            -121.52907372189898,
            39.539932605305175
          ],
          [
            -121.52926078797209,
            39.53994520529112
          ],
          [
            -121.5293529883579,
            39.53995867192191
          ],
          [
            -121.52944332204456,
            39.53997827227649
          ],
          [
            -121.52962952214169,
            39.53999440534619
          ],
          [
            -121.53004618771992,
            39.54004740516938
          ],
          [
            -121.53035898828837,
            39.540124005273675
          ],
          [
            -121.53074292195261,
            39.540258004681284
          ],
          [
            -121.53078738766084,
            39.540269271737124
          ],
          [
            -121.53146332230143,
            39.54042027186205
          ],
          [
            -121.53172898826695,
            39.54049167171219
          ],
          [
            -121.53177378814848,
            39.54049947216875
          ],
          [
            -121.53186758843381,
            39.54050320474924
          ],
          [
            -121.5319607221692,
            39.54051280498967
          ],
          [
            -121.53205238805744,
            39.540528071987865
          ],
          [
            -121.53214218814482,
            39.54054900504734
          ],
          [
            -121.5322293220324,
            39.540575805062566
          ],
          [
            -121.532313321698,
            39.540607804901725
          ],
          [
            -121.53251212156533,
            39.540702671674545
          ],
          [
            -121.53275958766316,
            39.54080500483193
          ],
          [
            -121.53287958821207,
            39.54086107224582
          ],
          [
            -121.53295592165503,
            39.54090267213994
          ],
          [
            -121.53306458816003,
            39.54097080516171
          ],
          [
            -121.53316192241768,
            39.54104807206041
          ],
          [
            -121.53322118787024,
            39.541104471798924
          ],
          [
            -121.53326058797859,
            39.541114204964586
          ]
        ]
      },
      "properties": {
        "OBJECTID": 6081220,
        "permanent_identifier": "129659163",
        "fdate": 1520294400000,
        "resolution": 2,
        "gnis_id": "00223423",
        "gnis_name": "Feather River",
        "lengthkm": 0.7472319700000001,
        "reachcode": "18020159002012",
        "flowdir": 1,
        "wbarea_permanent_identifier": "129660017",
        "ftype": 558,
        "fcode": 55800,
        "mainpath": 0,
        "innetwork": 1,
        "visibilityfilter": 5000000,
        "nhdplusid": 50000900072508,
        "vpuid": "1802",
        "streamleve": 2,
        "streamorde": 9,
        "streamcalc": 9,
        "fromnode": 50000900039486,
        "tonode": 50000900104606,
        "hydroseq": 50000900004923,
        "levelpathi": 50000900002383,
        "pathlength": 239.32398987000002,
        "terminalpa": 50000900001300,
        "arbolatesu": 29837.41604299,
        "divergence": 0,
        "startflag": 0,
        "terminalfl": 0,
        "uplevelpat": 50000900002383,
        "uphydroseq": 50000900004925,
        "dnlevel": 2,
        "dnlevelpat": 50000900002383,
        "dnhydroseq": 50000900004920,
        "dnminorhyd": 0,
        "dndraincou": 1,
        "frommeas": 44.83800125,
        "tomeas": 100,
        "rtndiv": 0,
        "thinner": null,
        "vpuin": 0,
        "vpuout": 0,
        "areasqkm": 0.36500001,
        "totdasqkm": 9030.53991548,
        "divdasqkm": 9030.53991548,
        "maxelevraw": -9998,
        "minelevraw": 6951,
        "maxelevsmo": 7037,
        "minelevsmo": 7037,
        "slope": 1e-05,
        "slopelenkm": 0.7472319700000001,
        "elevfixed": null,
        "hwtype": null,
        "hwnodesqkm": null,
        "statusflag": "A",
        "qama": 8194.653337,
        "vama": -9998,
        "qincrama": 0.13390000000000002,
        "qbma": 8194.653337,
        "vbma": -9998,
        "qincrbma": 0.13390000000000002,
        "qcma": 8194.653337,
        "vcma": -9998,
        "qincrcma": 0.13390000000000002,
        "qdma": 8194.653337,
        "vdma": -9998,
        "qincrdma": 0.13390000000000002,
        "qema": 8194.653337,
        "vema": -9998,
        "qincrema": 0.13390000000000002,
        "qfma": 8194.653337,
        "qincrfma": 0.13390000000000002,
        "arqnavma": 0,
        "petma": 0,
        "qlossma": 0,
        "qgadjma": 0,
        "qgnavma": 0,
        "gageadjma": 0,
        "avgqadjma": 0,
        "gageidma": "0",
        "gageqma": 0,
        "Shape_Length": 975.4971388826807
      }
    },
    {
      "type": "Feature",
      "id": 6917392,
      "geometry": {
        "type": "LineString",
        "coordinates": [
          [
            -121.48501923633627,
            39.53386378775845
          ],
          [
            -121.48520212165005,
            39.533832204661834
          ],
          [
            -121.48710258938029,
            39.5335404050188
          ]
        ]
      },
      "properties": {
        "OBJECTID": 6917392,
        "permanent_identifier": "{18F58D8B-BAC4-4624-9858-DC238651D61A}",
        "fdate": 1532476800000,
        "resolution": 2,
        "gnis_id": "00223423",
        "gnis_name": "Feather River",
        "lengthkm": 0.1811115,
        "reachcode": "18020159007063",
        "flowdir": 1,
        "wbarea_permanent_identifier": null,
        "ftype": 334,
        "fcode": 33400,
        "mainpath": 0,
        "innetwork": 1,
        "visibilityfilter": 0,
        "nhdplusid": 50000900043078,
        "vpuid": "1802",
        "streamleve": 2,
        "streamorde": 1,
        "streamcalc": 1,
        "fromnode": 50000900023453,
        "tonode": 50000900137370,
        "hydroseq": 50000900004952,
        "levelpathi": 50000900002383,
        "pathlength": 243.82951882999998,
        "terminalpa": 50000900001300,
        "arbolatesu": 29758.1591412,
        "divergence": 0,
        "startflag": 0,
        "terminalfl": 0,
        "uplevelpat": 50000900002383,
        "uphydroseq": 50000900004955,
        "dnlevel": 2,
        "dnlevelpat": 50000900002383,
        "dnhydroseq": 50000900004949,
        "dnminorhyd": 0,
        "dndraincou": 1,
        "frommeas": 0,
        "tomeas": 33.338359829999995,
        "rtndiv": 0,
        "thinner": null,
        "vpuin": 0,
        "vpuout": 0,
        "areasqkm": 0.0656,
        "totdasqkm": 8995.01421555,
        "divdasqkm": 1.43920005,
        "maxelevraw": -9998,
        "minelevraw": 7358,
        "maxelevsmo": 10798,
        "minelevsmo": 7358,
        "slope": 0.18993825,
        "slopelenkm": 0.1811115,
        "elevfixed": null,
        "hwtype": null,
        "hwnodesqkm": null,
        "statusflag": "A",
        "qama": 0.794146,
        "vama": 0.9315781399999999,
        "qincrama": 0.032563,
        "qbma": 0.794146,
        "vbma": 0.9315781399999999,
        "qincrbma": 0.032563,
        "qcma": 0.794146,
        "vcma": 0.9315781399999999,
        "qincrcma": 0.032563,
        "qdma": 0.794146,
        "vdma": 0.9315781399999999,
        "qincrdma": 0.032563,
        "qema": 0.794146,
        "vema": 0.9315781399999999,
        "qincrema": 0.032563,
        "qfma": 0.794146,
        "qincrfma": 0.032563,
        "arqnavma": 0,
        "petma": 0,
        "qlossma": 0,
        "qgadjma": 0,
        "qgnavma": 0,
        "gageadjma": 0,
        "avgqadjma": 0,
        "gageidma": "0",
        "gageqma": 0,
        "Shape_Length": 236.5735574396397
      }
    },
    {
      "type": "Feature",
      "id": 7156712,
      "geometry": {
        "type": "LineString",
        "coordinates": [
          [
            -121.6220259877265,
            39.32306527206141
          ],
          [
            -121.62123660574701,
            39.32215301934136
          ],
          [
            -121.62076071334378,
            39.321225030280196
          ],
          [
            -121.62042758929032,
            39.32022565672025
          ],
          [
            -121.62026102726362,
            39.319559406929365
          ],
          [
            -121.62009446433858,
            39.31886936283759
          ],
          [
            -121.62004687518808,
            39.318441060809725
          ],
          [
            -121.62004687518808,
            39.31806034584914
          ],
          [
            -121.62030861461747,
            39.317632043732964
          ],
          [
            -121.62090348079523,
            39.3172037410795
          ],
          [
            -121.62171249815022,
            39.3168944110287
          ],
          [
            -121.62254530918216,
            39.316656465241614
          ],
          [
            -121.62340191478931,
            39.31639472428855
          ],
          [
            -121.62411575384331,
            39.31613298374626
          ],
          [
            -121.62466302997228,
            39.31575226873485
          ],
          [
            -121.62523409977817,
            39.31534776110894
          ],
          [
            -121.62590034878338,
            39.3147291012974
          ],
          [
            -121.62642383123541,
            39.31394388027923
          ],
          [
            -121.62673315981529,
            39.31320624622011
          ],
          [
            -121.62676078840018,
            39.31219627216792
          ],
          [
            -121.62682833901461,
            39.31135026724048
          ],
          [
            -121.62685213269151,
            39.31035089301425
          ],
          [
            -121.62701869561657,
            39.30961326000064
          ],
          [
            -121.62728043594426,
            39.30885183271573
          ],
          [
            -121.62754217717027,
            39.308137994279605
          ],
          [
            -121.62797048042302,
            39.30744795013984
          ],
          [
            -121.62861293485298,
            39.306234424967954
          ],
          [
            -121.62870811315395,
            39.305639559757125
          ],
          [
            -121.6286843185787,
            39.30478295514727
          ],
          [
            -121.62870811315395,
            39.30402152605022
          ],
          [
            -121.62880329055663,
            39.303355277658
          ],
          [
            -121.62908882725618,
            39.302665234325254
          ],
          [
            -121.62956471965944,
            39.3019513946533
          ],
          [
            -121.63004061116436,
            39.3011661727549
          ],
          [
            -121.63011199578841,
            39.30038095108503
          ],
          [
            -121.63004061116436,
            39.299548139908794
          ],
          [
            -121.62987404913764,
            39.29866773891845
          ],
          [
            -121.62954092508417,
            39.29785872193172
          ],
          [
            -121.62911262183145,
            39.297216267905
          ],
          [
            -121.62839878277742,
            39.29659760907906
          ],
          [
            -121.6274469988693,
            39.29607412699128
          ],
          [
            -121.62649521406283,
            39.295431671882135
          ],
          [
            -121.62471061912277,
            39.294694040134594
          ]
        ]
      },
      "properties": {
        "OBJECTID": 7156712,
        "permanent_identifier": "129659447",
        "fdate": 1539820800000,
        "resolution": 2,
        "gnis_id": "00223423",
        "gnis_name": "Feather River",
        "lengthkm": 3.75402236,
        "reachcode": "18020159002762",
        "flowdir": 1,
        "wbarea_permanent_identifier": "{67F17103-BA22-453F-9E2F-03DF71FD8FFD}",
        "ftype": 558,
        "fcode": 55800,
        "mainpath": 0,
        "innetwork": 1,
        "visibilityfilter": 5000000,
        "nhdplusid": 50000900266751,
        "vpuid": "1802",
        "streamleve": 2,
        "streamorde": 9,
        "streamcalc": 9,
        "fromnode": 50000900146485,
        "tonode": 50000900137063,
        "hydroseq": 50000900004813,
        "levelpathi": 50000900002383,
        "pathlength": 199.54395708,
        "terminalpa": 50000900001300,
        "arbolatesu": 29899.54094522,
        "divergence": 0,
        "startflag": 0,
        "terminalfl": 0,
        "uplevelpat": 50000900002383,
        "uphydroseq": 50000900004820,
        "dnlevel": 2,
        "dnlevelpat": 50000900002383,
        "dnhydroseq": 50000900004809,
        "dnminorhyd": 0,
        "dndraincou": 1,
        "frommeas": 0,
        "tomeas": 100,
        "rtndiv": 0,
        "thinner": null,
        "vpuin": 0,
        "vpuout": 0,
        "areasqkm": 2.42170002,
        "totdasqkm": 9079.58781544,
        "divdasqkm": 9079.58781544,
        "maxelevraw": -9998,
        "minelevraw": 1952,
        "maxelevsmo": 2275,
        "minelevsmo": 2176,
        "slope": 0.00026372,
        "slopelenkm": 3.75402236,
        "elevfixed": null,
        "hwtype": null,
        "hwnodesqkm": null,
        "statusflag": "A",
        "qama": 8208.005612,
        "vama": 2.0093041400000002,
        "qincrama": 0.47379,
        "qbma": 8208.005612,
        "vbma": 2.0093041400000002,
        "qincrbma": 0.47379,
        "qcma": 8208.005612,
        "vcma": 2.0093041400000002,
        "qincrcma": 0.47379,
        "qdma": 8208.005612,
        "vdma": 2.0093041400000002,
        "qincrdma": 0.47379,
        "qema": 8208.005612,
        "vema": 2.0093041400000002,
        "qincrema": 0.47379,
        "qfma": 8208.005612,
        "qincrfma": 0.47379,
        "arqnavma": 0,
        "petma": 0,
        "qlossma": 0,
        "qgadjma": 0,
        "qgnavma": 0,
        "gageadjma": 0,
        "avgqadjma": 0,
        "gageidma": "0",
        "gageqma": 0,
        "Shape_Length": 4836.834292007981
      }
    },
    {
      "type": "Feature",
      "id": 7420950,
      "geometry": {
        "type": "LineString",
        "coordinates": [
          [
            -121.63062718768867,
            39.28963967228765
          ],
          [
            -121.62998559474308,
            39.28828846730887
          ],
          [
            -121.62921227014927,
            39.28641464213814
          ],
          [
            -121.62864714808887,
            39.28471927528936
          ],
          [
            -121.62814151156827,
            39.28287519300439
          ],
          [
            -121.62757638860958,
            39.28132854433273
          ],
          [
            -121.62710049800296,
            39.279960354282935
          ],
          [
            -121.62638665894895,
            39.27883010979432
          ],
          [
            -121.62531590216457,
            39.277461918927834
          ],
          [
            -121.62424514538021,
            39.276599364747184
          ],
          [
            -121.62287695371033,
            39.275617836815734
          ],
          [
            -121.62195491302123,
            39.27496348626235
          ],
          [
            -121.62133030542104,
            39.274309133770146
          ],
          [
            -121.62136004774175,
            39.27377375484403
          ],
          [
            -121.6217467095895,
            39.2730004313151
          ],
          [
            -121.62272823761504,
            39.27216761925157
          ],
          [
            -121.6237395088596,
            39.271632239957434
          ],
          [
            -121.62552410469799,
            39.2711860911299
          ],
          [
            -121.62736818697446,
            39.270829171691766
          ],
          [
            -121.62826048534282,
            39.271037374222836
          ],
          [
            -121.62903380993663,
            39.271334807721345
          ],
          [
            -121.630104566721,
            39.271989160173185
          ],
          [
            -121.63105635242579,
            39.272405564677875
          ],
          [
            -121.63193312161779,
            39.27252007211006
          ],
          [
            -121.63233531174356,
            39.27228659171806
          ],
          [
            -121.63269223127054,
            39.27139429399139
          ],
          [
            -121.63252782789546,
            39.27051190195192
          ],
          [
            -121.6322460820864,
            39.26969892871989
          ],
          [
            -121.63123481084182,
            39.26847945466508
          ],
          [
            -121.62998559474308,
            39.26734921065593
          ],
          [
            -121.62829022766357,
            39.26627845294131
          ],
          [
            -121.62704101066653,
            39.265624102108625
          ],
          [
            -121.62579179456782,
            39.265207694864074
          ],
          [
            -121.62403694105018,
            39.26479129001411
          ],
          [
            -121.62200778785885,
            39.26459007195612
          ],
          [
            -121.62138979096083,
            39.26434514075532
          ],
          [
            -121.62097338499571,
            39.26386924791087
          ],
          [
            -121.62076518336062,
            39.26345284275981
          ],
          [
            -121.6209138985576,
            39.262828235263555
          ],
          [
            -121.62121133164648,
            39.26226311274466
          ],
          [
            -121.621479020618,
            39.26178721967493
          ],
          [
            -121.62222260289106,
            39.261341070769724
          ],
          [
            -121.623590791866,
            39.26080569223026
          ],
          [
            -121.62608922675838,
            39.25979442108732
          ],
          [
            -121.62766562006335,
            39.25952673268254
          ],
          [
            -121.6278277992098,
            39.25953100129871
          ]
        ]
      },
      "properties": {
        "OBJECTID": 7420950,
        "permanent_identifier": "129659253",
        "fdate": 1539820800000,
        "resolution": 2,
        "gnis_id": "00223423",
        "gnis_name": "Feather River",
        "lengthkm": 5.4986295499999995,
        "reachcode": "18020159001142",
        "flowdir": 1,
        "wbarea_permanent_identifier": "{67F17103-BA22-453F-9E2F-03DF71FD8FFD}",
        "ftype": 558,
        "fcode": 55800,
        "mainpath": 0,
        "innetwork": 1,
        "visibilityfilter": 5000000,
        "nhdplusid": 50000900220426,
        "vpuid": "1802",
        "streamleve": 2,
        "streamorde": 9,
        "streamcalc": 9,
        "fromnode": 50000900120821,
        "tonode": 50000900104373,
        "hydroseq": 50000900004805,
        "levelpathi": 50000900002383,
        "pathlength": 192.96556889,
        "terminalpa": 50000900001300,
        "arbolatesu": 30877.69393757,
        "divergence": 0,
        "startflag": 0,
        "terminalfl": 0,
        "uplevelpat": 50000900002383,
        "uphydroseq": 50000900004809,
        "dnlevel": 2,
        "dnlevelpat": 50000900002383,
        "dnhydroseq": 50000900004798,
        "dnminorhyd": 0,
        "dndraincou": 1,
        "frommeas": 75.77150726,
        "tomeas": 100,
        "rtndiv": 0,
        "thinner": null,
        "vpuin": 0,
        "vpuout": 0,
        "areasqkm": 2.9750001200000002,
        "totdasqkm": 9594.587015379999,
        "divdasqkm": 9594.587015379999,
        "maxelevraw": -9998,
        "minelevraw": 1711,
        "maxelevsmo": 2176,
        "minelevsmo": 1870,
        "slope": 0.0005565,
        "slopelenkm": 5.4986295499999995,
        "elevfixed": null,
        "hwtype": null,
        "hwnodesqkm": null,
        "statusflag": "A",
        "qama": 8435.710758,
        "vama": 2.2438140100000004,
        "qincrama": 0.5783280000000001,
        "qbma": 8435.710758,
        "vbma": 2.2438140100000004,
        "qincrbma": 0.5783280000000001,
        "qcma": 8435.710758,
        "vcma": 2.2438140100000004,
        "qincrcma": 0.5783280000000001,
        "qdma": 8435.710758,
        "vdma": 2.2438140100000004,
        "qincrdma": 0.5783280000000001,
        "qema": 8435.710758,
        "vema": 2.2438140100000004,
        "qincrema": 0.5783280000000001,
        "qfma": 8435.710758,
        "qincrfma": 0.5783280000000001,
        "arqnavma": 0,
        "petma": 0,
        "qlossma": 0,
        "qgadjma": 0,
        "qgnavma": 0,
        "gageadjma": 0,
        "avgqadjma": 0,
        "gageidma": "0",
        "gageqma": 0,
        "Shape_Length": 7103.73799006554
      }
    },
    {
      "type": "Feature",
      "id": 7442981,
      "geometry": {
        "type": "LineString",
        "coordinates": [
          [
            -121.5166125222464,
            39.53689880531342
          ],
          [
            -121.51709832216889,
            39.53703207173774
          ],
          [
            -121.51744298777712,
            39.537145472110815
          ],
          [
            -121.51766452220764,
            39.537204671817804
          ],
          [
            -121.51784392205809,
            39.53724540514407
          ],
          [
            -121.51801992178518,
            39.53729527219137
          ],
          [
            -121.51826778763333,
            39.537396871859485
          ],
          [
            -121.51839638775444,
            39.5374406048478
          ],
          [
            -121.51856472215722,
            39.537503871661436
          ],
          [
            -121.51868458795884,
            39.53756007198602
          ],
          [
            -121.51875892175197,
            39.537602604964455
          ],
          [
            -121.51889312197058,
            39.537634872204436
          ],
          [
            -121.51911012170557,
            39.53770307217035
          ],
          [
            -121.51933578838641,
            39.537752205229026
          ],
          [
            -121.51955698774532,
            39.537812005063074
          ],
          [
            -121.51996052175075,
            39.537994271685335
          ],
          [
            -121.52030338803344,
            39.53818207176558
          ],
          [
            -121.52044818837241,
            39.538272472035494
          ],
          [
            -121.5205405217089,
            39.53828607200462
          ],
          [
            -121.52081298792108,
            39.538340471854376
          ],
          [
            -121.52090218793386,
            39.53836267197443
          ],
          [
            -121.52098898764817,
            39.53839007208781
          ],
          [
            -121.52111412206895,
            39.538439271859666
          ],
          [
            -121.52127512172741,
            39.53851280473264
          ],
          [
            -121.52154178841613,
            39.53865887195395
          ],
          [
            -121.52158238777541,
            39.538675071836906
          ],
          [
            -121.52218372182323,
            39.538755604956755
          ],
          [
            -121.52232098799189,
            39.53877960477414
          ],
          [
            -121.5225875882053,
            39.53884880467457
          ],
          [
            -121.52301852172518,
            39.53899040488043
          ],
          [
            -121.52314332197267,
            39.5390402048607
          ],
          [
            -121.52338678787252,
            39.53914780484068
          ],
          [
            -121.52379738802597,
            39.53938600493451
          ],
          [
            -121.5243347880767,
            39.5396738049124
          ],
          [
            -121.52435558766881,
            39.539684005203135
          ],
          [
            -121.52461052235991,
            39.539809871707064
          ],
          [
            -121.52465132204347,
            39.53982727188277
          ],
          [
            -121.52489298771953,
            39.539893405257416
          ]
        ]
      },
      "properties": {
        "OBJECTID": 7442981,
        "permanent_identifier": "129659166",
        "fdate": 1526515200000,
        "resolution": 2,
        "gnis_id": "00223423",
        "gnis_name": "Feather River",
        "lengthkm": 0.7894390099999999,
        "reachcode": "18020159002792",
        "flowdir": 1,
        "wbarea_permanent_identifier": "129660017",
        "ftype": 558,
        "fcode": 55800,
        "mainpath": 0,
        "innetwork": 1,
        "visibilityfilter": 5000000,
        "nhdplusid": 50000900161251,
        "vpuid": "1802",
        "streamleve": 2,
        "streamorde": 9,
        "streamcalc": 9,
        "fromnode": 50000900088302,
        "tonode": 50000900039486,
        "hydroseq": 50000900004925,
        "levelpathi": 50000900002383,
        "pathlength": 240.07122184,
        "terminalpa": 50000900001300,
        "arbolatesu": 29833.795428539997,
        "divergence": 0,
        "startflag": 0,
        "terminalfl": 0,
        "uplevelpat": 50000900002383,
        "uphydroseq": 50000900004926,
        "dnlevel": 2,
        "dnlevelpat": 50000900002383,
        "dnhydroseq": 50000900004923,
        "dnminorhyd": 0,
        "dndraincou": 1,
        "frommeas": 0,
        "tomeas": 100,
        "rtndiv": 0,
        "thinner": null,
        "vpuin": 0,
        "vpuout": 0,
        "areasqkm": 0.4415,
        "totdasqkm": 9029.23071549,
        "divdasqkm": 9029.23071549,
        "maxelevraw": -9998,
        "minelevraw": 6963,
        "maxelevsmo": 7037,
        "minelevsmo": 7037,
        "slope": 1e-05,
        "slopelenkm": 0.7894390099999999,
        "elevfixed": null,
        "hwtype": null,
        "hwnodesqkm": null,
        "statusflag": "A",
        "qama": 8194.133901000001,
        "vama": -9998,
        "qincrama": 0.166583,
        "qbma": 8194.133901000001,
        "vbma": -9998,
        "qincrbma": 0.166583,
        "qcma": 8194.133901000001,
        "vcma": -9998,
        "qincrcma": 0.166583,
        "qdma": 8194.133901000001,
        "vdma": -9998,
        "qincrdma": 0.166583,
        "qema": 8194.133901000001,
        "vema": -9998,
        "qincrema": 0.166583,
        "qfma": 8194.133901000001,
        "qincrfma": 0.166583,
        "arqnavma": 0,
        "petma": 0,
        "qlossma": 0,
        "qgadjma": 0,
        "qgnavma": 0,
        "gageadjma": 0,
        "avgqadjma": 0,
        "gageidma": "0",
        "gageqma": 0,
        "Shape_Length": 1028.891243536019
      }
    },
    {
      "type": "Feature",
      "id": 8955063,
      "geometry": {
        "type": "LineString",
        "coordinates": [
          [
            -121.49185118907504,
            39.53220947192956
          ],
          [
            -121.49199178889171,
            39.53220427215894
          ],
          [
            -121.49235772211428,
            39.532139605132365
          ],
          [
            -121.49249612195683,
            39.532119872310055
          ],
          [
            -121.4925893886429,
            39.532112472067176
          ],
          [
            -121.49268212172969,
            39.53210100484168
          ],
          [
            -121.49277252189167,
            39.53208187200965
          ],
          [
            -121.49286132215413,
            39.532058604982275
          ],
          [
            -121.49290698890994,
            39.532051271938585
          ],
          [
            -121.49314018886274,
            39.5320314046797
          ],
          [
            -121.49332532176132,
            39.532006871811525
          ],
          [
            -121.49337178891602,
            39.532004272265134
          ],
          [
            -121.49346512207741,
            39.532013004856175
          ],
          [
            -121.49351192160876,
            39.532014671835896
          ],
          [
            -121.49379332156647,
            39.53200827204692
          ],
          [
            -121.49388692242579,
            39.532009404844985
          ],
          [
            -121.49402552169435,
            39.53202807210669
          ],
          [
            -121.49435318938077,
            39.53204667215771
          ],
          [
            -121.4945393885796,
            39.5320654717423
          ],
          [
            -121.4946797889703,
            39.53207420501851
          ],
          [
            -121.49476838890845,
            39.53209720529654
          ],
          [
            -121.49497418934679,
            39.532182271686096
          ],
          [
            -121.49510378929284,
            39.5322118047246
          ]
        ]
      },
      "properties": {
        "OBJECTID": 8955063,
        "permanent_identifier": "129659176",
        "fdate": 1520294400000,
        "resolution": 2,
        "gnis_id": "00223423",
        "gnis_name": "Feather River",
        "lengthkm": 0.28328047,
        "reachcode": "18020159002519",
        "flowdir": 1,
        "wbarea_permanent_identifier": "129660017",
        "ftype": 558,
        "fcode": 55800,
        "mainpath": 0,
        "innetwork": 1,
        "visibilityfilter": 5000000,
        "nhdplusid": 50000900161425,
        "vpuid": "1802",
        "streamleve": 2,
        "streamorde": 2,
        "streamcalc": 2,
        "fromnode": 50000900088394,
        "tonode": 50000900104641,
        "hydroseq": 50000900004941,
        "levelpathi": 50000900002383,
        "pathlength": 243.09239510999998,
        "terminalpa": 50000900001300,
        "arbolatesu": 29760.74054262,
        "divergence": 0,
        "startflag": 0,
        "terminalfl": 0,
        "uplevelpat": 50000900002383,
        "uphydroseq": 50000900004942,
        "dnlevel": 2,
        "dnlevelpat": 50000900002383,
        "dnhydroseq": 50000900004939,
        "dnminorhyd": 0,
        "dndraincou": 1,
        "frommeas": 0,
        "tomeas": 86.58834839000001,
        "rtndiv": 0,
        "thinner": null,
        "vpuin": 0,
        "vpuout": 0,
        "areasqkm": 0.14439998,
        "totdasqkm": 8996.74441557,
        "divdasqkm": 3.16940007,
        "maxelevraw": -9998,
        "minelevraw": 6440,
        "maxelevsmo": 7037,
        "minelevsmo": 7037,
        "slope": 1e-05,
        "slopelenkm": 0.28328047,
        "elevfixed": null,
        "hwtype": null,
        "hwnodesqkm": null,
        "statusflag": "A",
        "qama": 1.6259810000000001,
        "vama": -9998,
        "qincrama": 0.067403,
        "qbma": 1.6259810000000001,
        "vbma": -9998,
        "qincrbma": 0.067403,
        "qcma": 1.6259810000000001,
        "vcma": -9998,
        "qincrcma": 0.067403,
        "qdma": 1.6259810000000001,
        "vdma": -9998,
        "qincrdma": 0.067403,
        "qema": 1.6259810000000001,
        "vema": -9998,
        "qincrema": 0.067403,
        "qfma": 1.6259810000000001,
        "qincrfma": 0.067403,
        "arqnavma": 0,
        "petma": 0,
        "qlossma": 0,
        "qgadjma": 0,
        "qgnavma": 0,
        "gageadjma": 0,
        "avgqadjma": 0,
        "gageidma": "0",
        "gageqma": 0,
        "Shape_Length": 370.00764725826724
      }
    },
    {
      "type": "Feature",
      "id": 9777045,
      "geometry": {
        "type": "LineString",
        "coordinates": [
          [
            -121.63615232165773,
            39.45506640503919
          ],
          [
            -121.63629818829693,
            39.45492667229771
          ],
          [
            -121.63642532236754,
            39.45482167193013
          ],
          [
            -121.63669472173136,
            39.454574404878954
          ],
          [
            -121.63694612155182,
            39.4543624053057
          ],
          [
            -121.63706892214947,
            39.45421047178858
          ],
          [
            -121.6371211223523,
            39.45415107165482
          ],
          [
            -121.63717812225373,
            39.454094472307034
          ],
          [
            -121.63723978800472,
            39.45404067167107
          ],
          [
            -121.63730658762755,
            39.45399060475429
          ],
          [
            -121.63748458790278,
            39.45387440514325
          ],
          [
            -121.6376039883771,
            39.45381787215828
          ],
          [
            -121.63772878772623,
            39.453768205301735
          ],
          [
            -121.63795992155393,
            39.45359107179865
          ],
          [
            -121.63839432167246,
            39.4532656049618
          ],
          [
            -121.63845678782239,
            39.45321240506121
          ],
          [
            -121.63854052158666,
            39.453126404781365
          ],
          [
            -121.63861318810663,
            39.4530346722347
          ],
          [
            -121.63867612227878,
            39.452939071879435
          ],
          [
            -121.6387237222091,
            39.45283827192574
          ],
          [
            -121.63882532166771,
            39.452563472318
          ],
          [
            -121.63890398803545,
            39.45224807230375
          ],
          [
            -121.63897292205542,
            39.452003871714275
          ],
          [
            -121.63902158828591,
            39.45172687204481
          ]
        ]
      },
      "properties": {
        "OBJECTID": 9777045,
        "permanent_identifier": "129659347",
        "fdate": 1539820800000,
        "resolution": 2,
        "gnis_id": "00223423",
        "gnis_name": "Feather River",
        "lengthkm": 0.46319194,
        "reachcode": "18020159001275",
        "flowdir": 1,
        "wbarea_permanent_identifier": "{67F17103-BA22-453F-9E2F-03DF71FD8FFD}",
        "ftype": 558,
        "fcode": 55800,
        "mainpath": 0,
        "innetwork": 1,
        "visibilityfilter": 5000000,
        "nhdplusid": 50000900072024,
        "vpuid": "1802",
        "streamleve": 2,
        "streamorde": 9,
        "streamcalc": 9,
        "fromnode": 50000900039277,
        "tonode": 50000900039276,
        "hydroseq": 50000900004882,
        "levelpathi": 50000900002383,
        "pathlength": 222.40658890999998,
        "terminalpa": 50000900001300,
        "arbolatesu": 29872.10388784,
        "divergence": 1,
        "startflag": 0,
        "terminalfl": 0,
        "uplevelpat": 50000900002383,
        "uphydroseq": 50000900004884,
        "dnlevel": 2,
        "dnlevelpat": 50000900002383,
        "dnhydroseq": 50000900004879,
        "dnminorhyd": 50000900004875,
        "dndraincou": 2,
        "frommeas": 95.23605347,
        "tomeas": 100,
        "rtndiv": 0,
        "thinner": null,
        "vpuin": 0,
        "vpuout": 0,
        "areasqkm": 0.13000003000000002,
        "totdasqkm": 9055.081115699999,
        "divdasqkm": 9055.081115699999,
        "maxelevraw": -9998,
        "minelevraw": 3236,
        "maxelevsmo": 3236,
        "minelevsmo": 3236,
        "slope": 1e-05,
        "slopelenkm": 0.46319194,
        "elevfixed": null,
        "hwtype": null,
        "hwnodesqkm": null,
        "statusflag": "A",
        "qama": 8202.990978,
        "vama": 1.3188647199999999,
        "qincrama": 0.030279,
        "qbma": 8202.990978,
        "vbma": 1.3188647199999999,
        "qincrbma": 0.030279,
        "qcma": 8202.990978,
        "vcma": 1.3188647199999999,
        "qincrcma": 0.030279,
        "qdma": 8202.990978,
        "vdma": 1.3188647199999999,
        "qincrdma": 0.030279,
        "qema": 8202.990978,
        "vema": 1.3188647199999999,
        "qincrema": 0.030279,
        "qfma": 8202.990978,
        "qincrfma": 0.030279,
        "arqnavma": 0,
        "petma": 0,
        "qlossma": 0,
        "qgadjma": 0,
        "qgnavma": 0,
        "gageadjma": 0,
        "avgqadjma": 0,
        "gageidma": "0",
        "gageqma": 0,
        "Shape_Length": 598.7878212003912
      }
    },
    {
      "type": "Feature",
      "id": 10226047,
      "geometry": {
        "type": "LineString",
        "coordinates": [
          [
            -121.53912952157991,
            39.543790405187764
          ],
          [
            -121.53931632175167,
            39.543805404765834
          ],
          [
            -121.53959372240973,
            39.54384320468563
          ],
          [
            -121.53977992160856,
            39.543862204736534
          ],
          [
            -121.53987238789568,
            39.54387447219404
          ],
          [
            -121.54028298804914,
            39.54395080483948
          ],
          [
            -121.54041778834235,
            39.54398187210234
          ],
          [
            -121.54050478838099,
            39.54400847198044
          ],
          [
            -121.54054492241292,
            39.54402707228495
          ],
          [
            -121.54062372173134,
            39.5440658716826
          ],
          [
            -121.54077692221652,
            39.54414860486597
          ],
          [
            -121.54097398833535,
            39.544245605227694
          ],
          [
            -121.54114572196316,
            39.54430360532206
          ],
          [
            -121.5411877882713,
            39.544321471957076
          ],
          [
            -121.54123078792901,
            39.54432627181334
          ],
          [
            -121.54131952171612,
            39.54430467211103
          ],
          [
            -121.54149678806778,
            39.544253671959744
          ],
          [
            -121.54188672157979,
            39.54412967208749
          ],
          [
            -121.54197532241625,
            39.54410560484792
          ],
          [
            -121.54201758815037,
            39.54409047233208
          ],
          [
            -121.54209532206684,
            39.54405027226303
          ],
          [
            -121.5423511883109,
            39.543960671994284
          ],
          [
            -121.54243412167627,
            39.543927072123445
          ],
          [
            -121.5425553223744,
            39.543872472298666
          ],
          [
            -121.54263398784381,
            39.54383347190269
          ],
          [
            -121.54274858772123,
            39.54377120491961
          ],
          [
            -121.54285898797472,
            39.543704672073424
          ],
          [
            -121.5429651221289,
            39.5436342051681
          ],
          [
            -121.5429995222144,
            39.543609871749496
          ],
          [
            -121.5430255877307,
            39.54358080491663
          ],
          [
            -121.54317532161718,
            39.543358272138285
          ],
          [
            -121.54322618782183,
            39.54325860490921
          ],
          [
            -121.54362998772858,
            39.54277700518313
          ],
          [
            -121.543646722444,
            39.54274387233582
          ],
          [
            -121.54369198765285,
            39.54260527171907
          ],
          [
            -121.54384458806342,
            39.54230580499323
          ],
          [
            -121.54403912183146,
            39.54186600510265
          ],
          [
            -121.54407438789289,
            39.54176240509269
          ],
          [
            -121.54410912215165,
            39.54162207203418
          ],
          [
            -121.54418658837018,
            39.54116187182469
          ],
          [
            -121.54419778766683,
            39.541055205333755
          ],
          [
            -121.54421152200923,
            39.540805604757786
          ],
          [
            -121.54422432210369,
            39.54069887190743
          ],
          [
            -121.54425558796716,
            39.54030707219744
          ],
          [
            -121.54425892161517,
            39.54020000466957
          ],
          [
            -121.54424898804476,
            39.539843204778556
          ],
          [
            -121.54422732157845,
            39.539558071965224
          ],
          [
            -121.54423178800202,
            39.53937967233093
          ],
          [
            -121.54422172237925,
            39.53905867209892
          ],
          [
            -121.54425272234138,
            39.53870247182695
          ],
          [
            -121.54428672177828,
            39.53841820515038
          ],
          [
            -121.54426372221205,
            39.538097404842574
          ],
          [
            -121.54426992238415,
            39.53799047176994
          ],
          [
            -121.54429098787755,
            39.53777687185275
          ],
          [
            -121.54429458832522,
            39.53756280503239
          ],
          [
            -121.54428972215133,
            39.53745580532128
          ],
          [
            -121.54427072188476,
            39.537277872073766
          ],
          [
            -121.54427832163205,
            39.53720700513774
          ],
          [
            -121.54435218830123,
            39.53678240473422
          ],
          [
            -121.54434078778198,
            39.53664007189474
          ],
          [
            -121.54433892198112,
            39.53646160517981
          ],
          [
            -121.54430858767061,
            39.53610547194535
          ],
          [
            -121.5442943224239,
            39.53603527167418
          ],
          [
            -121.54426158781494,
            39.53593107199934
          ],
          [
            -121.54419992206395,
            39.535685805204615
          ],
          [
            -121.54414012211379,
            39.53533147206637
          ],
          [
            -121.54414418788876,
            39.53529627178366
          ],
          [
            -121.54417978812349,
            39.53519247213716
          ],
          [
            -121.54420812188587,
            39.535087604712004
          ],
          [
            -121.54430938806954,
            39.534630072168135
          ],
          [
            -121.54434072220496,
            39.53452567223814
          ],
          [
            -121.54436578789635,
            39.53445687194103
          ],
          [
            -121.54435932182291,
            39.53438620512104
          ],
          [
            -121.5443167219155,
            39.534138404762054
          ],
          [
            -121.54430218807254,
            39.5340678720254
          ],
          [
            -121.5442571222897,
            39.533892805313336
          ],
          [
            -121.544224721854,
            39.533788605193905
          ],
          [
            -121.54418592182024,
            39.53368560489286
          ],
          [
            -121.5441409216144,
            39.5336230717668
          ],
          [
            -121.54412278822207,
            39.53355300477941
          ],
          [
            -121.54409578755958,
            39.53341167199866
          ]
        ]
      },
      "properties": {
        "OBJECTID": 10226047,
        "permanent_identifier": "129659161",
        "fdate": 1520294400000,
        "resolution": 2,
        "gnis_id": "00223423",
        "gnis_name": "Feather River",
        "lengthkm": 1.53553729,
        "reachcode": "18020159003114",
        "flowdir": 1,
        "wbarea_permanent_identifier": "129660017",
        "ftype": 558,
        "fcode": 55800,
        "mainpath": 0,
        "innetwork": 1,
        "visibilityfilter": 5000000,
        "nhdplusid": 50000900309735,
        "vpuid": "1802",
        "streamleve": 2,
        "streamorde": 9,
        "streamcalc": 9,
        "fromnode": 50000900169960,
        "tonode": 50000900153631,
        "hydroseq": 50000900004916,
        "levelpathi": 50000900002383,
        "pathlength": 237.17855348,
        "terminalpa": 50000900001300,
        "arbolatesu": 29850.72714562,
        "divergence": 0,
        "startflag": 0,
        "terminalfl": 0,
        "uplevelpat": 50000900002383,
        "uphydroseq": 50000900004919,
        "dnlevel": 2,
        "dnlevelpat": 50000900002383,
        "dnhydroseq": 50000900004915,
        "dnminorhyd": 0,
        "dndraincou": 1,
        "frommeas": 11.01229954,
        "tomeas": 100,
        "rtndiv": 0,
        "thinner": null,
        "vpuin": 0,
        "vpuout": 0,
        "areasqkm": 1.98189997,
        "totdasqkm": 9038.10521556,
        "divdasqkm": 9038.10521556,
        "maxelevraw": -9998,
        "minelevraw": 6965,
        "maxelevsmo": 6996,
        "minelevsmo": 6996,
        "slope": 1e-05,
        "slopelenkm": 1.53553729,
        "elevfixed": null,
        "hwtype": null,
        "hwnodesqkm": null,
        "statusflag": "A",
        "qama": 8198.186377999999,
        "vama": -9998,
        "qincrama": 0.73796,
        "qbma": 8198.186377999999,
        "vbma": -9998,
        "qincrbma": 0.73796,
        "qcma": 8198.186377999999,
        "vcma": -9998,
        "qincrcma": 0.73796,
        "qdma": 8198.186377999999,
        "vdma": -9998,
        "qincrdma": 0.73796,
        "qema": 8198.186377999999,
        "vema": -9998,
        "qincrema": 0.73796,
        "qfma": 8198.186377999999,
        "qincrfma": 0.73796,
        "arqnavma": 0,
        "petma": 0,
        "qlossma": 0,
        "qgadjma": 0,
        "qgnavma": 0,
        "gageadjma": 0,
        "avgqadjma": 0,
        "gageidma": "0",
        "gageqma": 0,
        "Shape_Length": 1984.6347872756328
      }
    },
    {
      "type": "Feature",
      "id": 11675423,
      "geometry": {
        "type": "LineString",
        "coordinates": [
          [
            -121.57883072186843,
            39.50291760519656
          ],
          [
            -121.57907772174063,
            39.500457671943984
          ],
          [
            -121.57952584362518,
            39.49700228002301
          ],
          [
            -121.57961507418068,
            39.49515819834006
          ],
          [
            -121.57936452236984,
            39.49364260474147
          ],
          [
            -121.57910732212757,
            39.49199360470848
          ],
          [
            -121.57798698822099,
            39.48769607169501
          ],
          [
            -121.5782019218308,
            39.485673272119115
          ],
          [
            -121.57934738431084,
            39.48269577187047
          ],
          [
            -121.57955558684426,
            39.480970663030355
          ],
          [
            -121.57938918831088,
            39.47974380486096
          ],
          [
            -121.58026612189464,
            39.47647320497319
          ],
          [
            -121.5812415216133,
            39.47505287198278
          ],
          [
            -121.58274152218651,
            39.472940405258115
          ],
          [
            -121.58470117182598,
            39.4703523179565
          ],
          [
            -121.58615859225472,
            39.46948976283549
          ],
          [
            -121.58806216007102,
            39.46877592365657
          ],
          [
            -121.59032702939628,
            39.46788967073888
          ]
        ]
      },
      "properties": {
        "OBJECTID": 11675423,
        "permanent_identifier": "129659263",
        "fdate": 1539820800000,
        "resolution": 2,
        "gnis_id": "00223423",
        "gnis_name": "Feather River",
        "lengthkm": 4.341079430000001,
        "reachcode": "18020159001219",
        "flowdir": 1,
        "wbarea_permanent_identifier": "{67F17103-BA22-453F-9E2F-03DF71FD8FFD}",
        "ftype": 558,
        "fcode": 55800,
        "mainpath": 0,
        "innetwork": 1,
        "visibilityfilter": 5000000,
        "nhdplusid": 50000900042665,
        "vpuid": "1802",
        "streamleve": 2,
        "streamorde": 9,
        "streamcalc": 9,
        "fromnode": 50000900023228,
        "tonode": 50000900104486,
        "hydroseq": 50000900004895,
        "levelpathi": 50000900002383,
        "pathlength": 227.45012799999998,
        "terminalpa": 50000900001300,
        "arbolatesu": 29867.06034875,
        "divergence": 0,
        "startflag": 0,
        "terminalfl": 0,
        "uplevelpat": 50000900002383,
        "uphydroseq": 50000900004898,
        "dnlevel": 2,
        "dnlevelpat": 50000900002383,
        "dnhydroseq": 50000900004891,
        "dnminorhyd": 0,
        "dndraincou": 1,
        "frommeas": 51.6357193,
        "tomeas": 100,
        "rtndiv": 0,
        "thinner": null,
        "vpuin": 0,
        "vpuout": 0,
        "areasqkm": 2.87950001,
        "totdasqkm": 9050.12251564,
        "divdasqkm": 9050.12251564,
        "maxelevraw": -9998,
        "minelevraw": 3736,
        "maxelevsmo": 4028,
        "minelevsmo": 3736,
        "slope": 0.0006726400000000001,
        "slopelenkm": 4.341079430000001,
        "elevfixed": null,
        "hwtype": null,
        "hwnodesqkm": null,
        "statusflag": "A",
        "qama": 8201.75879,
        "vama": 2.28127213,
        "qincrama": 0.774045,
        "qbma": 8201.75879,
        "vbma": 2.28127213,
        "qincrbma": 0.774045,
        "qcma": 8201.75879,
        "vcma": 2.28127213,
        "qincrcma": 0.774045,
        "qdma": 8201.75879,
        "vdma": 2.28127213,
        "qincrdma": 0.774045,
        "qema": 8201.75879,
        "vema": 2.28127213,
        "qincrema": 0.774045,
        "qfma": 8201.75879,
        "qincrfma": 0.774045,
        "arqnavma": 0,
        "petma": 0,
        "qlossma": 0,
        "qgadjma": 0,
        "qgnavma": 0,
        "gageadjma": 0,
        "avgqadjma": 0,
        "gageidma": "0",
        "gageqma": 0,
        "Shape_Length": 5599.8898606685
      }
    },
    {
      "type": "Feature",
      "id": 12096718,
      "geometry": {
        "type": "LineString",
        "coordinates": [
          [
            -121.59032702939628,
            39.46788967073888
          ],
          [
            -121.59079853981756,
            39.46770516676043
          ],
          [
            -121.59157018456175,
            39.46753015403437
          ],
          [
            -121.59357183672897,
            39.467248987946
          ],
          [
            -121.59461404056204,
            39.467177603653916
          ],
          [
            -121.59527077281514,
            39.467020560033994
          ],
          [
            -121.59622731509931,
            39.46697772932693
          ]
        ]
      },
      "properties": {
        "OBJECTID": 12096718,
        "permanent_identifier": "{9615F540-9D02-497A-A115-2F09392250BF}",
        "fdate": 1539820800000,
        "resolution": 2,
        "gnis_id": "00223423",
        "gnis_name": "Feather River",
        "lengthkm": 0.51695875,
        "reachcode": "18020159001219",
        "flowdir": 1,
        "wbarea_permanent_identifier": "{67F17103-BA22-453F-9E2F-03DF71FD8FFD}",
        "ftype": 558,
        "fcode": 55800,
        "mainpath": 0,
        "innetwork": 1,
        "visibilityfilter": 0,
        "nhdplusid": 50000900190635,
        "vpuid": "1802",
        "streamleve": 2,
        "streamorde": 9,
        "streamcalc": 9,
        "fromnode": 50000900104486,
        "tonode": 50000900006983,
        "hydroseq": 50000900004891,
        "levelpathi": 50000900002383,
        "pathlength": 226.93316925,
        "terminalpa": 50000900001300,
        "arbolatesu": 29867.5773075,
        "divergence": 0,
        "startflag": 0,
        "terminalfl": 0,
        "uplevelpat": 50000900002383,
        "uphydroseq": 50000900004895,
        "dnlevel": 2,
        "dnlevelpat": 50000900002383,
        "dnhydroseq": 50000900004889,
        "dnminorhyd": 0,
        "dndraincou": 1,
        "frommeas": 45.789329529999996,
        "tomeas": 51.6357193,
        "rtndiv": 0,
        "thinner": null,
        "vpuin": 0,
        "vpuout": 0,
        "areasqkm": 0.18640002,
        "totdasqkm": 9050.30891566,
        "divdasqkm": 9050.30891566,
        "maxelevraw": -9998,
        "minelevraw": 3705,
        "maxelevsmo": 3736,
        "minelevsmo": 3705,
        "slope": 0.00059966,
        "slopelenkm": 0.51695875,
        "elevfixed": null,
        "hwtype": null,
        "hwnodesqkm": null,
        "statusflag": "A",
        "qama": 8201.806617,
        "vama": 2.24557972,
        "qincrama": 0.047827,
        "qbma": 8201.806617,
        "vbma": 2.24557972,
        "qincrbma": 0.047827,
        "qcma": 8201.806617,
        "vcma": 2.24557972,
        "qincrcma": 0.047827,
        "qdma": 8201.806617,
        "vdma": 2.24557972,
        "qincrdma": 0.047827,
        "qema": 8201.806617,
        "vema": 2.24557972,
        "qincrema": 0.047827,
        "qfma": 8201.806617,
        "qincrfma": 0.047827,
        "arqnavma": 0,
        "petma": 0,
        "qlossma": 0,
        "qgadjma": 0,
        "qgnavma": 0,
        "gageadjma": 0,
        "avgqadjma": 0,
        "gageidma": "0",
        "gageqma": 0,
        "Shape_Length": 674.5253376732205
      }
    },
    {
      "type": "Feature",
      "id": 12274987,
      "geometry": {
        "type": "LineString",
        "coordinates": [
          [
            -121.63064752195345,
            39.3848650718102
          ],
          [
            -121.63075018771232,
            39.384792006167146
          ],
          [
            -121.63095058837749,
            39.384642005949765
          ],
          [
            -121.63146212233792,
            39.38422467229645
          ],
          [
            -121.63232818810336,
            39.38347447233869
          ],
          [
            -121.63241792171539,
            39.38339207214224
          ],
          [
            -121.63256158838044,
            39.383251272194876
          ],
          [
            -121.63258858814466,
            39.3832220716554
          ],
          [
            -121.63311543568572,
            39.38245808188546
          ],
          [
            -121.63293390143818,
            39.38124606881621
          ],
          [
            -121.63281514775089,
            39.38025325606453
          ],
          [
            -121.6325569764298,
            39.37946168912893
          ],
          [
            -121.63193831567679,
            39.37853369773014
          ],
          [
            -121.63197400843795,
            39.37770088734109
          ],
          [
            -121.63195616160822,
            39.37646356716957
          ],
          [
            -121.63203991962699,
            39.375595716218896
          ],
          [
            -121.63208750877747,
            39.374796217009106
          ],
          [
            -121.632812769012,
            39.374446974173246
          ],
          [
            -121.63356229903056,
            39.374125747190234
          ],
          [
            -121.63423449667958,
            39.374131696250174
          ],
          [
            -121.63460331259587,
            39.37414954203802
          ],
          [
            -121.63507920499912,
            39.37417333687769
          ],
          [
            -121.63590606738721,
            39.37419118265489
          ],
          [
            -121.636721033386,
            39.374339897750566
          ],
          [
            -121.63841520929947,
            39.37467302316513
          ],
          [
            -121.6394733564322,
            39.3742536987396
          ],
          [
            -121.64068212229199,
            39.3741109318276
          ],
          [
            -121.64197652185285,
            39.37394027195561
          ],
          [
            -121.64206918756601,
            39.37392980569211
          ],
          [
            -121.64238898780715,
            39.37387527165608
          ],
          [
            -121.64261398793803,
            39.37382587211018
          ],
          [
            -121.64279792158572,
            39.373798871713845
          ],
          [
            -121.64307718804461,
            39.37377460593026
          ],
          [
            -121.64363812215917,
            39.373749006158334
          ],
          [
            -121.64382472200661,
            39.373735205957296
          ],
          [
            -121.64405878793538,
            39.373728872155056
          ],
          [
            -121.64623992169972,
            39.37322440632896
          ],
          [
            -121.64762062959646,
            39.37289740719103
          ],
          [
            -121.64859620897818,
            39.37213598007844
          ],
          [
            -121.64876818784606,
            39.371133871774646
          ],
          [
            -121.64873278793564,
            39.37092147180562
          ],
          [
            -121.64873398808487,
            39.37085020616049
          ],
          [
            -121.64873098771182,
            39.37081460594973
          ],
          [
            -121.6487095215698,
            39.37067287229176
          ],
          [
            -121.64864878827005,
            39.3704278059621
          ],
          [
            -121.64858692219475,
            39.37021947196083
          ],
          [
            -121.64849278773615,
            39.36998040623224
          ],
          [
            -121.64845738782574,
            39.369877005670794
          ],
          [
            -121.64833072177743,
            39.36957100594645
          ],
          [
            -121.64825218836036,
            39.36944180620037
          ],
          [
            -121.64814892162853,
            39.36924327231686
          ],
          [
            -121.64811092199369,
            39.36917820583726
          ],
          [
            -121.64800992171136,
            39.368978671866294
          ],
          [
            -121.64799572204166,
            39.36894467214304
          ],
          [
            -121.64797692209939,
            39.368912071755595
          ],
          [
            -121.64795152223473,
            39.368882072135406
          ],
          [
            -121.6479323881192,
            39.368849605751116
          ],
          [
            -121.64788332213837,
            39.36874927168051
          ],
          [
            -121.64782492176343,
            39.36865220633721
          ],
          [
            -121.6477579218163,
            39.368519206131815
          ],
          [
            -121.64762952201946,
            39.36832920609347
          ],
          [
            -121.64755118802839,
            39.3682000061332
          ],
          [
            -121.6474553216179,
            39.36807747220888
          ],
          [
            -121.64738638759795,
            39.36798460612811
          ],
          [
            -121.64736652225372,
            39.36795227197168
          ],
          [
            -121.64720278812354,
            39.3677362058912
          ],
          [
            -121.64712052220645,
            39.367608072250526
          ],
          [
            -121.6470755875776,
            39.367545605774076
          ],
          [
            -121.64703898841633,
            39.367480005739495
          ],
          [
            -121.64696638837165,
            39.367388272260136
          ],
          [
            -121.64694578820558,
            39.36735627187398
          ],
          [
            -121.64679558809343,
            39.36717547198633
          ],
          [
            -121.64672672234543,
            39.36708227204729
          ],
          [
            -121.64664932170395,
            39.366952405850306
          ],
          [
            -121.64660472214672,
            39.36688960612773
          ],
          [
            -121.64655312201846,
            39.36679020610637
          ],
          [
            -121.64647192240162,
            39.36666160611612
          ],
          [
            -121.64642478779867,
            39.36656080567627
          ],
          [
            -121.646399521783,
            39.366492005887835
          ],
          [
            -121.6462993883749,
            39.36633087181628
          ],
          [
            -121.64621772163412,
            39.36624400592636
          ],
          [
            -121.64609452218447,
            39.36613640577551
          ],
          [
            -121.6460077215718,
            39.366052405829166
          ],
          [
            -121.64583812234115,
            39.365838806284216
          ],
          [
            -121.64575438767856,
            39.365752805822616
          ],
          [
            -121.64571358799498,
            39.36568860629887
          ],
          [
            -121.6456889220539,
            39.365658271933945
          ],
          [
            -121.6456601220659,
            39.36563007175524
          ],
          [
            -121.64553212201936,
            39.36552587232611
          ],
          [
            -121.64542798841332,
            39.36545400598611
          ],
          [
            -121.64535192176999,
            39.365412405995826
          ],
          [
            -121.64521538772829,
            39.3653526058362
          ]
        ]
      },
      "properties": {
        "OBJECTID": 12274987,
        "permanent_identifier": "129659336",
        "fdate": 1539820800000,
        "resolution": 2,
        "gnis_id": "00223423",
        "gnis_name": "Feather River",
        "lengthkm": 3.56548933,
        "reachcode": "18020159002142",
        "flowdir": 1,
        "wbarea_permanent_identifier": "{67F17103-BA22-453F-9E2F-03DF71FD8FFD}",
        "ftype": 558,
        "fcode": 55800,
        "mainpath": 0,
        "innetwork": 1,
        "visibilityfilter": 0,
        "nhdplusid": 50000900101358,
        "vpuid": "1802",
        "streamleve": 2,
        "streamorde": 9,
        "streamcalc": 9,
        "fromnode": 50000900055524,
        "tonode": 50000900055523,
        "hydroseq": 50000900004870,
        "levelpathi": 50000900002383,
        "pathlength": 209.57456172,
        "terminalpa": 50000900001300,
        "arbolatesu": 29887.17676824,
        "divergence": 0,
        "startflag": 0,
        "terminalfl": 0,
        "uplevelpat": 50000900002383,
        "uphydroseq": 50000900004871,
        "dnlevel": 2,
        "dnlevelpat": 50000900002383,
        "dnhydroseq": 50000900004865,
        "dnminorhyd": 0,
        "dndraincou": 1,
        "frommeas": 16.040990830000002,
        "tomeas": 100,
        "rtndiv": 0,
        "thinner": null,
        "vpuin": 0,
        "vpuout": 0,
        "areasqkm": 2.35780001,
        "totdasqkm": 9069.98931549,
        "divdasqkm": 9069.98931549,
        "maxelevraw": -9998,
        "minelevraw": 2090,
        "maxelevsmo": 2467,
        "minelevsmo": 2358,
        "slope": 0.00030571000000000005,
        "slopelenkm": 3.56548933,
        "elevfixed": null,
        "hwtype": null,
        "hwnodesqkm": null,
        "statusflag": "A",
        "qama": 8206.146388000001,
        "vama": 2.0494291899999997,
        "qincrama": 0.45751600000000003,
        "qbma": 8206.146388000001,
        "vbma": 2.0494291899999997,
        "qincrbma": 0.45751600000000003,
        "qcma": 8206.146388000001,
        "vcma": 2.0494291899999997,
        "qincrcma": 0.45751600000000003,
        "qdma": 8206.146388000001,
        "vdma": 2.0494291899999997,
        "qincrdma": 0.45751600000000003,
        "qema": 8206.146388000001,
        "vema": 2.0494291899999997,
        "qincrema": 0.45751600000000003,
        "qfma": 8206.146388000001,
        "qincrfma": 0.45751600000000003,
        "arqnavma": 0,
        "petma": 0,
        "qlossma": 0,
        "qgadjma": 0,
        "qgnavma": 0,
        "gageadjma": 0,
        "avgqadjma": 0,
        "gageidma": "0",
        "gageqma": 0,
        "Shape_Length": 4613.011203272191
      }
    },
    {
      "type": "Feature",
      "id": 12849309,
      "geometry": {
        "type": "LineString",
        "coordinates": [
          [
            -121.491378388673,
            39.53231500467158
          ],
          [
            -121.49144472207021,
            39.53226467192212
          ],
          [
            -121.4914861218284,
            39.532247671698144
          ],
          [
            -121.49157332219134,
            39.53222127170069
          ],
          [
            -121.49166372235334,
            39.53220220472172
          ],
          [
            -121.49185118907504,
            39.53220947192956
          ]
        ]
      },
      "properties": {
        "OBJECTID": 12849309,
        "permanent_identifier": "{FF9364D4-1EDA-4022-9C14-2570607CB9F5}",
        "fdate": 1520294400000,
        "resolution": 2,
        "gnis_id": "00223423",
        "gnis_name": "Feather River",
        "lengthkm": 0.04396524,
        "reachcode": "18020159002519",
        "flowdir": 1,
        "wbarea_permanent_identifier": "129660017",
        "ftype": 558,
        "fcode": 55800,
        "mainpath": 0,
        "innetwork": 1,
        "visibilityfilter": 5000000,
        "nhdplusid": 50000900398869,
        "vpuid": "1802",
        "streamleve": 2,
        "streamorde": 2,
        "streamcalc": 2,
        "fromnode": 50000900219053,
        "tonode": 50000900088394,
        "hydroseq": 50000900004942,
        "levelpathi": 50000900002383,
        "pathlength": 243.37567557999998,
        "terminalpa": 50000900001300,
        "arbolatesu": 29759.39804385,
        "divergence": 0,
        "startflag": 0,
        "terminalfl": 0,
        "uplevelpat": 50000900002383,
        "uphydroseq": 50000900004945,
        "dnlevel": 2,
        "dnlevelpat": 50000900002383,
        "dnhydroseq": 50000900004941,
        "dnminorhyd": 0,
        "dndraincou": 1,
        "frommeas": 86.58834839000001,
        "tomeas": 100,
        "rtndiv": 0,
        "thinner": null,
        "vpuin": 0,
        "vpuout": 0,
        "areasqkm": 0.0152,
        "totdasqkm": 8996.15791556,
        "divdasqkm": 2.58290006,
        "maxelevraw": -9998,
        "minelevraw": 6428,
        "maxelevsmo": 7037,
        "minelevsmo": 7037,
        "slope": 1e-05,
        "slopelenkm": 0.04396524,
        "elevfixed": null,
        "hwtype": null,
        "hwnodesqkm": null,
        "statusflag": "A",
        "qama": 1.349604,
        "vama": -9998,
        "qincrama": 0.007052,
        "qbma": 1.349604,
        "vbma": -9998,
        "qincrbma": 0.007052,
        "qcma": 1.349604,
        "vcma": -9998,
        "qincrcma": 0.007052,
        "qdma": 1.349604,
        "vdma": -9998,
        "qincrdma": 0.007052,
        "qema": 1.349604,
        "vema": -9998,
        "qincrema": 0.007052,
        "qfma": 1.349604,
        "qincrfma": 0.007052,
        "arqnavma": 0,
        "petma": 0,
        "qlossma": 0,
        "qgadjma": 0,
        "qgnavma": 0,
        "gageadjma": 0,
        "avgqadjma": 0,
        "gageidma": "0",
        "gageqma": 0,
        "Shape_Length": 57.335809208196544
      }
    },
    {
      "type": "Feature",
      "id": 13824955,
      "geometry": {
        "type": "LineString",
        "coordinates": [
          [
            -121.50137212195433,
            39.535946604656324
          ],
          [
            -121.50146512184072,
            39.53596047181042
          ],
          [
            -121.50164692198962,
            39.535996604962016
          ],
          [
            -121.50196058943234,
            39.53607107224174
          ],
          [
            -121.50209352212808,
            39.53610680489628
          ],
          [
            -121.50227458925168,
            39.53622027190423
          ],
          [
            -121.5023523887452,
            39.53626020493092
          ],
          [
            -121.50243425491198,
            39.53629527170724
          ],
          [
            -121.50260478928888,
            39.53635487188461
          ],
          [
            -121.50264892172216,
            39.536367072082
          ],
          [
            -121.50287392185305,
            39.53641820481094
          ],
          [
            -121.5029657889639,
            39.53643307227214
          ],
          [
            -121.50304618908014,
            39.53646987234255
          ],
          [
            -121.50312972162178,
            39.53650260497656
          ],
          [
            -121.50325992164241,
            39.53654340522342
          ],
          [
            -121.50342738917095,
            39.536607004704585
          ],
          [
            -121.50355572159413,
            39.53665087190027
          ],
          [
            -121.50363092226152,
            39.53669360496106
          ],
          [
            -121.50370292223153,
            39.53673947220298
          ],
          [
            -121.504080722199,
            39.5370072053249
          ],
          [
            -121.50424052170825,
            39.53713787218689
          ],
          [
            -121.50427832191711,
            39.53715900509998
          ]
        ]
      },
      "properties": {
        "OBJECTID": 13824955,
        "permanent_identifier": "{5A9A3B88-EAE0-4674-96CC-FEAE1112195C}",
        "fdate": 1520294400000,
        "resolution": 2,
        "gnis_id": "00223423",
        "gnis_name": "Feather River",
        "lengthkm": 0.28795306,
        "reachcode": "18020159002008",
        "flowdir": 1,
        "wbarea_permanent_identifier": "129660017",
        "ftype": 558,
        "fcode": 55800,
        "mainpath": 0,
        "innetwork": 1,
        "visibilityfilter": 5000000,
        "nhdplusid": 50000900190982,
        "vpuid": "1802",
        "streamleve": 2,
        "streamorde": 9,
        "streamcalc": 9,
        "fromnode": 50000900104640,
        "tonode": 50000900055892,
        "hydroseq": 50000900004936,
        "levelpathi": 50000900002383,
        "pathlength": 242.10344204999998,
        "terminalpa": 50000900001300,
        "arbolatesu": 29769.02355933,
        "divergence": 0,
        "startflag": 0,
        "terminalfl": 0,
        "uplevelpat": 50000900002383,
        "uphydroseq": 50000900004939,
        "dnlevel": 2,
        "dnlevelpat": 50000900002383,
        "dnhydroseq": 50000900004935,
        "dnminorhyd": 0,
        "dndraincou": 1,
        "frommeas": 37.79988098,
        "tomeas": 55.94736862,
        "rtndiv": 1,
        "thinner": null,
        "vpuin": 0,
        "vpuout": 0,
        "areasqkm": 0.19479999,
        "totdasqkm": 9000.661415530001,
        "divdasqkm": 9000.661415530001,
        "maxelevraw": -9998,
        "minelevraw": 6967,
        "maxelevsmo": 7037,
        "minelevsmo": 7037,
        "slope": 1e-05,
        "slopelenkm": 0.28795306,
        "elevfixed": null,
        "hwtype": null,
        "hwnodesqkm": null,
        "statusflag": "A",
        "qama": 8177.235833000001,
        "vama": -9998,
        "qincrama": 0.080613,
        "qbma": 8177.235833000001,
        "vbma": -9998,
        "qincrbma": 0.080613,
        "qcma": 8177.235833000001,
        "vcma": -9998,
        "qincrcma": 0.080613,
        "qdma": 8177.235833000001,
        "vdma": -9998,
        "qincrdma": 0.080613,
        "qema": 8177.235833000001,
        "vema": -9998,
        "qincrema": 0.080613,
        "qfma": 8177.235833000001,
        "qincrfma": 0.080613,
        "arqnavma": 0,
        "petma": 0,
        "qlossma": 0,
        "qgadjma": 0,
        "qgnavma": 0,
        "gageadjma": 0,
        "avgqadjma": 0,
        "gageidma": "0",
        "gageqma": 0,
        "Shape_Length": 374.99269027222834
      }
    },
    {
      "type": "Feature",
      "id": 13857994,
      "geometry": {
        "type": "LineString",
        "coordinates": [
          [
            -121.636153387958,
            39.24755467204568
          ],
          [
            -121.63615318763367,
            39.247495472335
          ]
        ]
      },
      "properties": {
        "OBJECTID": 13857994,
        "permanent_identifier": "129659254",
        "fdate": 1539820800000,
        "resolution": 2,
        "gnis_id": "00223423",
        "gnis_name": "Feather River",
        "lengthkm": 0.00663497,
        "reachcode": "18020159001142",
        "flowdir": 1,
        "wbarea_permanent_identifier": "{67F17103-BA22-453F-9E2F-03DF71FD8FFD}",
        "ftype": 558,
        "fcode": 55800,
        "mainpath": 0,
        "innetwork": 1,
        "visibilityfilter": 0,
        "nhdplusid": 50000900279611,
        "vpuid": "1802",
        "streamleve": 2,
        "streamorde": 9,
        "streamcalc": 9,
        "fromnode": 50000900055609,
        "tonode": 50000900000020,
        "hydroseq": 50000900004773,
        "levelpathi": 50000900002383,
        "pathlength": 190.65643563999998,
        "terminalpa": 50000900001300,
        "arbolatesu": 30880.00307082,
        "divergence": 1,
        "startflag": 0,
        "terminalfl": 0,
        "uplevelpat": 50000900002383,
        "uphydroseq": 50000900004782,
        "dnlevel": 2,
        "dnlevelpat": 50000900002383,
        "dnhydroseq": 50000900004771,
        "dnminorhyd": 50000900004765,
        "dndraincou": 2,
        "frommeas": 65.63141632,
        "tomeas": 65.66040038999999,
        "rtndiv": 0,
        "thinner": null,
        "vpuin": 0,
        "vpuout": 0,
        "areasqkm": 0.0044,
        "totdasqkm": 9595.9066153,
        "divdasqkm": 9595.9066153,
        "maxelevraw": -9998,
        "minelevraw": 1843,
        "maxelevsmo": 1843,
        "minelevsmo": 1843,
        "slope": 1e-05,
        "slopelenkm": 0.00663497,
        "elevfixed": null,
        "hwtype": null,
        "hwnodesqkm": null,
        "statusflag": "A",
        "qama": 8435.964289,
        "vama": 1.3299365200000002,
        "qincrama": 0.000838,
        "qbma": 8435.964289,
        "vbma": 1.3299365200000002,
        "qincrbma": 0.000838,
        "qcma": 8435.964289,
        "vcma": 1.3299365200000002,
        "qincrcma": 0.000838,
        "qdma": 8435.964289,
        "vdma": 1.3299365200000002,
        "qincrdma": 0.000838,
        "qema": 8435.964289,
        "vema": 1.3299365200000002,
        "qincrema": 0.000838,
        "qfma": 8435.964289,
        "qincrfma": 0.000838,
        "arqnavma": 0,
        "petma": 0,
        "qlossma": 0,
        "qgadjma": 0,
        "qgnavma": 0,
        "gageadjma": 0,
        "avgqadjma": 0,
        "gageidma": "0",
        "gageqma": 0,
        "Shape_Length": 8.509729219248067
      }
    },
    {
      "type": "Feature",
      "id": 14678246,
      "geometry": {
        "type": "LineString",
        "coordinates": [
          [
            -121.54409578755958,
            39.53341167199866
          ],
          [
            -121.54405598770093,
            39.53312780489663
          ],
          [
            -121.54405418837541,
            39.53309227232279
          ],
          [
            -121.54406972204329,
            39.53291440479487
          ],
          [
            -121.54409292193381,
            39.53277267233377
          ],
          [
            -121.54412018759932,
            39.532488005162364
          ],
          [
            -121.54414112193871,
            39.53234607229302
          ],
          [
            -121.54416512222815,
            39.532240604725196
          ],
          [
            -121.54425052236726,
            39.5319260052254
          ],
          [
            -121.54432018761588,
            39.531729271990024
          ]
        ]
      },
      "properties": {
        "OBJECTID": 14678246,
        "permanent_identifier": "{8F4FF10B-522C-47A3-AF85-7C093EF8A968}",
        "fdate": 1520294400000,
        "resolution": 2,
        "gnis_id": "00223423",
        "gnis_name": "Feather River",
        "lengthkm": 0.19077878,
        "reachcode": "18020159003114",
        "flowdir": 1,
        "wbarea_permanent_identifier": "129660017",
        "ftype": 558,
        "fcode": 55800,
        "mainpath": 0,
        "innetwork": 1,
        "visibilityfilter": 5000000,
        "nhdplusid": 50000900280022,
        "vpuid": "1802",
        "streamleve": 2,
        "streamorde": 9,
        "streamcalc": 9,
        "fromnode": 50000900153631,
        "tonode": 50000900055796,
        "hydroseq": 50000900004915,
        "levelpathi": 50000900002383,
        "pathlength": 236.9877747,
        "terminalpa": 50000900001300,
        "arbolatesu": 29852.79832532,
        "divergence": 0,
        "startflag": 0,
        "terminalfl": 0,
        "uplevelpat": 50000900002383,
        "uphydroseq": 50000900004916,
        "dnlevel": 2,
        "dnlevelpat": 50000900002383,
        "dnhydroseq": 50000900004913,
        "dnminorhyd": 0,
        "dndraincou": 1,
        "frommeas": 0,
        "tomeas": 11.01229954,
        "rtndiv": 0,
        "thinner": null,
        "vpuin": 0,
        "vpuout": 0,
        "areasqkm": 0.038799990000000006,
        "totdasqkm": 9038.80901557,
        "divdasqkm": 9038.80901557,
        "maxelevraw": -9998,
        "minelevraw": 6996,
        "maxelevsmo": 6996,
        "minelevsmo": 6996,
        "slope": 1e-05,
        "slopelenkm": 0.19077878,
        "elevfixed": null,
        "hwtype": null,
        "hwnodesqkm": null,
        "statusflag": "A",
        "qama": 8198.42987,
        "vama": -9998,
        "qincrama": 0.013034,
        "qbma": 8198.42987,
        "vbma": -9998,
        "qincrbma": 0.013034,
        "qcma": 8198.42987,
        "vcma": -9998,
        "qincrcma": 0.013034,
        "qdma": 8198.42987,
        "vdma": -9998,
        "qincrdma": 0.013034,
        "qema": 8198.42987,
        "vema": -9998,
        "qincrema": 0.013034,
        "qfma": 8198.42987,
        "qincrfma": 0.013034,
        "arqnavma": 0,
        "petma": 0,
        "qlossma": 0,
        "qgadjma": 0,
        "qgnavma": 0,
        "gageadjma": 0,
        "avgqadjma": 0,
        "gageidma": "0",
        "gageqma": 0,
        "Shape_Length": 245.79215138455172
      }
    },
    {
      "type": "Feature",
      "id": 14690177,
      "geometry": {
        "type": "LineString",
        "coordinates": [
          [
            -121.53643558812888,
            39.542213071975745
          ],
          [
            -121.5365299220135,
            39.5422144048094
          ],
          [
            -121.53662358755155,
            39.54221920481145
          ],
          [
            -121.53685318795503,
            39.542256472185
          ],
          [
            -121.53703358763038,
            39.542296405202706
          ],
          [
            -121.53716558787485,
            39.5423336718421
          ],
          [
            -121.53729398767167,
            39.54237787208985
          ],
          [
            -121.53758472202348,
            39.5424944717997
          ],
          [
            -121.53766572221433,
            39.54253060501363
          ],
          [
            -121.53774392235646,
            39.5425702046669
          ],
          [
            -121.53797052238689,
            39.54269747219116
          ],
          [
            -121.53800552164867,
            39.54272107232237
          ],
          [
            -121.53816758760738,
            39.54285020510429
          ],
          [
            -121.53830952232059,
            39.54294360506571
          ],
          [
            -121.53834232160823,
            39.54296900483474
          ],
          [
            -121.53845272186173,
            39.543084472319556
          ],
          [
            -121.53874878771472,
            39.54344900510344
          ],
          [
            -121.53898812226262,
            39.54366900498294
          ],
          [
            -121.53912952157991,
            39.543790405187764
          ]
        ]
      },
      "properties": {
        "OBJECTID": 14690177,
        "permanent_identifier": "{CA540F3A-D4A7-456E-A523-A1DF03A0BE2C}",
        "fdate": 1520294400000,
        "resolution": 2,
        "gnis_id": "00223423",
        "gnis_name": "Feather River",
        "lengthkm": 0.30213606000000004,
        "reachcode": "18020159002012",
        "flowdir": 1,
        "wbarea_permanent_identifier": "129660017",
        "ftype": 558,
        "fcode": 55800,
        "mainpath": 0,
        "innetwork": 1,
        "visibilityfilter": 5000000,
        "nhdplusid": 50000900190906,
        "vpuid": "1802",
        "streamleve": 2,
        "streamorde": 9,
        "streamcalc": 9,
        "fromnode": 50000900104604,
        "tonode": 50000900169960,
        "hydroseq": 50000900004919,
        "levelpathi": 50000900002383,
        "pathlength": 238.71409077,
        "terminalpa": 50000900001300,
        "arbolatesu": 29839.31115296,
        "divergence": 0,
        "startflag": 0,
        "terminalfl": 0,
        "uplevelpat": 50000900002383,
        "uphydroseq": 50000900004920,
        "dnlevel": 2,
        "dnlevelpat": 50000900002383,
        "dnhydroseq": 50000900004916,
        "dnminorhyd": 0,
        "dndraincou": 1,
        "frommeas": 0,
        "tomeas": 22.174219129999997,
        "rtndiv": 0,
        "thinner": null,
        "vpuin": 0,
        "vpuout": 0,
        "areasqkm": 0.12640003000000002,
        "totdasqkm": 9031.21591549,
        "divdasqkm": 9031.21591549,
        "maxelevraw": -9998,
        "minelevraw": 6982,
        "maxelevsmo": 7037,
        "minelevsmo": 6996,
        "slope": 0.0013570000000000001,
        "slopelenkm": 0.30213606000000004,
        "elevfixed": null,
        "hwtype": null,
        "hwnodesqkm": null,
        "statusflag": "A",
        "qama": 8194.915262999999,
        "vama": -9998,
        "qincrama": 0.048549,
        "qbma": 8194.915262999999,
        "vbma": -9998,
        "qincrbma": 0.048549,
        "qcma": 8194.915262999999,
        "vcma": -9998,
        "qincrcma": 0.048549,
        "qdma": 8194.915262999999,
        "vdma": -9998,
        "qincrdma": 0.048549,
        "qema": 8194.915262999999,
        "vema": -9998,
        "qincrema": 0.048549,
        "qfma": 8194.915262999999,
        "qincrfma": 0.048549,
        "arqnavma": 0,
        "petma": 0,
        "qlossma": 0,
        "qgadjma": 0,
        "qgnavma": 0,
        "gageadjma": 0,
        "avgqadjma": 0,
        "gageidma": "0",
        "gageqma": 0,
        "Shape_Length": 392.65577159447815
      }
    },
    {
      "type": "Feature",
      "id": 15311534,
      "geometry": {
        "type": "LineString",
        "coordinates": [
          [
            -121.51282678807715,
            39.53807807206353
          ],
          [
            -121.51317738795613,
            39.537975071891935
          ],
          [
            -121.51321612241284,
            39.53795627182935
          ],
          [
            -121.5132821216368,
            39.53790527186229
          ],
          [
            -121.51336492205147,
            39.53787160532366
          ],
          [
            -121.5136197875723,
            39.537780472257715
          ],
          [
            -121.5139871221667,
            39.53762147232315
          ],
          [
            -121.51410192236844,
            39.53755947203212
          ],
          [
            -121.51460398808578,
            39.53723700505792
          ],
          [
            -121.5147891218827,
            39.53712727178118
          ],
          [
            -121.51513512238743,
            39.53694280534104
          ],
          [
            -121.51517738812151,
            39.53692827191558
          ],
          [
            -121.5152685222071,
            39.536911071923406
          ],
          [
            -121.51545632220378,
            39.536908872302746
          ],
          [
            -121.51578452169281,
            39.536894205160934
          ],
          [
            -121.51606618755186,
            39.53689540508024
          ],
          [
            -121.51625378812254,
            39.53688780512893
          ],
          [
            -121.5164415881192,
            39.536886404992
          ],
          [
            -121.5166125222464,
            39.53689880531342
          ]
        ]
      },
      "properties": {
        "OBJECTID": 15311534,
        "permanent_identifier": "129659168",
        "fdate": 1526515200000,
        "resolution": 2,
        "gnis_id": "00223423",
        "gnis_name": "Feather River",
        "lengthkm": 0.36246236,
        "reachcode": "18020159002621",
        "flowdir": 1,
        "wbarea_permanent_identifier": "129660017",
        "ftype": 558,
        "fcode": 55800,
        "mainpath": 0,
        "innetwork": 1,
        "visibilityfilter": 5000000,
        "nhdplusid": 50000900221001,
        "vpuid": "1802",
        "streamleve": 2,
        "streamorde": 9,
        "streamcalc": 9,
        "fromnode": 50000900121084,
        "tonode": 50000900088302,
        "hydroseq": 50000900004926,
        "levelpathi": 50000900002383,
        "pathlength": 240.86066085000002,
        "terminalpa": 50000900001300,
        "arbolatesu": 29830.315658220003,
        "divergence": 0,
        "startflag": 0,
        "terminalfl": 0,
        "uplevelpat": 50000900002383,
        "uphydroseq": 50000900004928,
        "dnlevel": 2,
        "dnlevelpat": 50000900002383,
        "dnhydroseq": 50000900004925,
        "dnminorhyd": 0,
        "dndraincou": 1,
        "frommeas": 0,
        "tomeas": 100,
        "rtndiv": 0,
        "thinner": null,
        "vpuin": 0,
        "vpuout": 0,
        "areasqkm": 0.20210002,
        "totdasqkm": 9027.77381548,
        "divdasqkm": 9027.77381548,
        "maxelevraw": -9998,
        "minelevraw": 6980,
        "maxelevsmo": 7037,
        "minelevsmo": 7037,
        "slope": 1e-05,
        "slopelenkm": 0.36246236,
        "elevfixed": null,
        "hwtype": null,
        "hwnodesqkm": null,
        "statusflag": "A",
        "qama": 8193.587308999999,
        "vama": -9998,
        "qincrama": 0.078784,
        "qbma": 8193.587308999999,
        "vbma": -9998,
        "qincrbma": 0.078784,
        "qcma": 8193.587308999999,
        "vcma": -9998,
        "qincrcma": 0.078784,
        "qdma": 8193.587308999999,
        "vdma": -9998,
        "qincrdma": 0.078784,
        "qema": 8193.587308999999,
        "vema": -9998,
        "qincrema": 0.078784,
        "qfma": 8193.587308999999,
        "qincrfma": 0.078784,
        "arqnavma": 0,
        "petma": 0,
        "qlossma": 0,
        "qgadjma": 0,
        "qgnavma": 0,
        "gageadjma": 0,
        "avgqadjma": 0,
        "gageidma": "0",
        "gageqma": 0,
        "Shape_Length": 472.3837043864102
      }
    },
    {
      "type": "Feature",
      "id": 15582272,
      "geometry": {
        "type": "LineString",
        "coordinates": [
          [
            -121.63574410024317,
            39.26043640390773
          ],
          [
            -121.63578658786115,
            39.25987020625966
          ],
          [
            -121.63566655676954,
            39.258366745202615
          ],
          [
            -121.6355257018313,
            39.25639476076381
          ]
        ]
      },
      "properties": {
        "OBJECTID": 15582272,
        "permanent_identifier": "{A3393C78-3C3E-4199-8669-6C558CE0C514}",
        "fdate": 1539820800000,
        "resolution": 2,
        "gnis_id": "00223423",
        "gnis_name": "Feather River",
        "lengthkm": 0.45371722000000003,
        "reachcode": "18020159001142",
        "flowdir": 1,
        "wbarea_permanent_identifier": "{67F17103-BA22-453F-9E2F-03DF71FD8FFD}",
        "ftype": 558,
        "fcode": 55800,
        "mainpath": 0,
        "innetwork": 1,
        "visibilityfilter": 0,
        "nhdplusid": 50000900131148,
        "vpuid": "1802",
        "streamleve": 2,
        "streamorde": 9,
        "streamcalc": 9,
        "fromnode": 50000900071850,
        "tonode": 50000900039272,
        "hydroseq": 50000900004796,
        "levelpathi": 50000900002383,
        "pathlength": 191.67997392,
        "terminalpa": 50000900001300,
        "arbolatesu": 30878.97953254,
        "divergence": 0,
        "startflag": 0,
        "terminalfl": 0,
        "uplevelpat": 50000900002383,
        "uphydroseq": 50000900004798,
        "dnlevel": 2,
        "dnlevelpat": 50000900002383,
        "dnhydroseq": 50000900004791,
        "dnminorhyd": 0,
        "dndraincou": 1,
        "frommeas": 70.10588837,
        "tomeas": 72.08757019000001,
        "rtndiv": 0,
        "thinner": null,
        "vpuin": 0,
        "vpuout": 0,
        "areasqkm": 0.15410002,
        "totdasqkm": 9595.05451536,
        "divdasqkm": 9595.05451536,
        "maxelevraw": -9998,
        "minelevraw": 1870,
        "maxelevsmo": 1870,
        "minelevsmo": 1870,
        "slope": 1e-05,
        "slopelenkm": 0.45371722000000003,
        "elevfixed": null,
        "hwtype": null,
        "hwnodesqkm": null,
        "statusflag": "A",
        "qama": 8435.800865000001,
        "vama": 1.32992142,
        "qincrama": 0.029678000000000003,
        "qbma": 8435.800865000001,
        "vbma": 1.32992142,
        "qincrbma": 0.029678000000000003,
        "qcma": 8435.800865000001,
        "vcma": 1.32992142,
        "qincrcma": 0.029678000000000003,
        "qdma": 8435.800865000001,
        "vdma": 1.32992142,
        "qincrdma": 0.029678000000000003,
        "qema": 8435.800865000001,
        "vema": 1.32992142,
        "qincrema": 0.029678000000000003,
        "qfma": 8435.800865000001,
        "qincrfma": 0.029678000000000003,
        "arqnavma": 0,
        "petma": 0,
        "qlossma": 0,
        "qgadjma": 0,
        "qgnavma": 0,
        "gageadjma": 0,
        "avgqadjma": 0,
        "gageidma": "0",
        "gageqma": 0,
        "Shape_Length": 582.0419621273745
      }
    },
    {
      "type": "Feature",
      "id": 15738163,
      "geometry": {
        "type": "LineString",
        "coordinates": [
          [
            -121.48749712226655,
            39.533650872126245
          ],
          [
            -121.48753658885023,
            39.53365487181322
          ],
          [
            -121.48757718910782,
            39.53363467176363
          ],
          [
            -121.48761938926494,
            39.53361900487383
          ],
          [
            -121.48779378909249,
            39.53356640475327
          ],
          [
            -121.48783858897404,
            39.533555672164916
          ],
          [
            -121.48802158927214,
            39.533523472311494
          ],
          [
            -121.48806258928,
            39.53350667193016
          ],
          [
            -121.48833938896514,
            39.53337287218757
          ],
          [
            -121.48856858872,
            39.53333447211753
          ],
          [
            -121.48870852198677,
            39.53332107209889
          ],
          [
            -121.48890692210377,
            39.533226604700175
          ],
          [
            -121.48898072229761,
            39.53318260508836
          ],
          [
            -121.48912292201383,
            39.533089271667244
          ],
          [
            -121.48920098920529,
            39.533050204935506
          ],
          [
            -121.48933012202737,
            39.53300740519845
          ],
          [
            -121.48937472158462,
            39.532996405090145
          ],
          [
            -121.48951212160225,
            39.53297247186369
          ],
          [
            -121.48955198883458,
            39.532954871819335
          ],
          [
            -121.48962398880458,
            39.532908871824
          ],
          [
            -121.48965758938947,
            39.53288360486171
          ],
          [
            -121.48969652237389,
            39.53286467178165
          ],
          [
            -121.48982578904497,
            39.53283540506938
          ]
        ]
      },
      "properties": {
        "OBJECTID": 15738163,
        "permanent_identifier": "129659180",
        "fdate": 1520294400000,
        "resolution": 2,
        "gnis_id": "00223423",
        "gnis_name": "Feather River",
        "lengthkm": 0.22269804,
        "reachcode": "18020159001952",
        "flowdir": 1,
        "wbarea_permanent_identifier": "129660017",
        "ftype": 558,
        "fcode": 55800,
        "mainpath": 0,
        "innetwork": 1,
        "visibilityfilter": 0,
        "nhdplusid": 50000900309982,
        "vpuid": "1802",
        "streamleve": 2,
        "streamorde": 2,
        "streamcalc": 2,
        "fromnode": 50000900170097,
        "tonode": 50000900153753,
        "hydroseq": 50000900004947,
        "levelpathi": 50000900002383,
        "pathlength": 243.57083633,
        "terminalpa": 50000900001300,
        "arbolatesu": 29759.2028831,
        "divergence": 0,
        "startflag": 0,
        "terminalfl": 0,
        "uplevelpat": 50000900002383,
        "uphydroseq": 50000900004949,
        "dnlevel": 2,
        "dnlevelpat": 50000900002383,
        "dnhydroseq": 50000900004945,
        "dnminorhyd": 0,
        "dndraincou": 1,
        "frommeas": 0,
        "tomeas": 86.07280731,
        "rtndiv": 0,
        "thinner": null,
        "vpuin": 0,
        "vpuout": 0,
        "areasqkm": 0.30870005,
        "totdasqkm": 8996.06641555,
        "divdasqkm": 2.49140005,
        "maxelevraw": -9998,
        "minelevraw": 6476,
        "maxelevsmo": 7290,
        "minelevsmo": 7037,
        "slope": 0.011360680000000001,
        "slopelenkm": 0.22269804,
        "elevfixed": null,
        "hwtype": null,
        "hwnodesqkm": null,
        "statusflag": "A",
        "qama": 1.3068389999999999,
        "vama": -9998,
        "qincrama": 0.143751,
        "qbma": 1.3068389999999999,
        "vbma": -9998,
        "qincrbma": 0.143751,
        "qcma": 1.3068389999999999,
        "vcma": -9998,
        "qincrcma": 0.143751,
        "qdma": 1.3068389999999999,
        "vdma": -9998,
        "qincrdma": 0.143751,
        "qema": 1.3068389999999999,
        "vema": -9998,
        "qincrema": 0.143751,
        "qfma": 1.3068389999999999,
        "qincrfma": 0.143751,
        "arqnavma": 0,
        "petma": 0,
        "qlossma": 0,
        "qgadjma": 0,
        "qgnavma": 0,
        "gageadjma": 0,
        "avgqadjma": 0,
        "gageidma": "0",
        "gageqma": 0,
        "Shape_Length": 290.21579800387553
      }
    },
    {
      "type": "Feature",
      "id": 15864911,
      "geometry": {
        "type": "LineString",
        "coordinates": [
          [
            -121.6328745218996,
            39.33468007206034
          ],
          [
            -121.63288918779492,
            39.3346096059901
          ],
          [
            -121.63289772179012,
            39.334502806172985
          ],
          [
            -121.63291558838279,
            39.334396605814455
          ],
          [
            -121.63290658816197,
            39.33418280595508
          ],
          [
            -121.6328969878665,
            39.334076072188154
          ],
          [
            -121.63288358769744,
            39.33382660573441
          ],
          [
            -121.63288032232136,
            39.333791072117215
          ],
          [
            -121.6328471223851,
            39.33368707186052
          ],
          [
            -121.6328399223881,
            39.33365180567743
          ],
          [
            -121.63281072175147,
            39.33340327224373
          ],
          [
            -121.63280078818106,
            39.33336840613434
          ],
          [
            -121.63275672222312,
            39.3332668058591
          ],
          [
            -121.63273332200826,
            39.3331612720429
          ],
          [
            -121.63273072228384,
            39.333090006089414
          ],
          [
            -121.63268352210386,
            39.33298920584776
          ],
          [
            -121.6325511876861,
            39.33280040572099
          ],
          [
            -121.63242392156317,
            39.33260967207138
          ],
          [
            -121.63239418822558,
            39.332542006160786
          ],
          [
            -121.6323097879114,
            39.332301006315916
          ],
          [
            -121.6322569220569,
            39.33216400623271
          ],
          [
            -121.63217452229082,
            39.33199707171667
          ],
          [
            -121.63212372166322,
            39.33185967220207
          ],
          [
            -121.63208598792971,
            39.33177820610803
          ],
          [
            -121.63210678842012,
            39.33170860566005
          ],
          [
            -121.6321351877595,
            39.33156760631324
          ],
          [
            -121.63216418807181,
            39.331462871777674
          ],
          [
            -121.63215698807483,
            39.33135600600791
          ],
          [
            -121.63212412231181,
            39.33121547218932
          ],
          [
            -121.6321069222691,
            39.33110927170147
          ],
          [
            -121.63209012197665,
            39.33103907232685
          ],
          [
            -121.63201998780744,
            39.33086887212912
          ],
          [
            -121.63199812191515,
            39.33083740602802
          ],
          [
            -121.63194812168642,
            39.33077707181539
          ],
          [
            -121.63192812159492,
            39.33074520613589
          ],
          [
            -121.63191378807626,
            39.33060287212698
          ],
          [
            -121.63186658789628,
            39.33046480629121
          ],
          [
            -121.63183852183185,
            39.33039680616639
          ],
          [
            -121.63173998832329,
            39.330235005863116
          ],
          [
            -121.63164638836226,
            39.33003320591792
          ],
          [
            -121.6316085216781,
            39.329968006333104
          ],
          [
            -121.63158538826288,
            39.32993687196739
          ],
          [
            -121.631530187687,
            39.32987947204817
          ],
          [
            -121.63134812163678,
            39.329716606026494
          ],
          [
            -121.6311589220649,
            39.32955847230936
          ],
          [
            -121.63110332173873,
            39.32950107207957
          ],
          [
            -121.63097672216574,
            39.329396005779685
          ],
          [
            -121.63090672184552,
            39.32934847174789
          ],
          [
            -121.63079378834297,
            39.32928500589918
          ],
          [
            -121.63068752213643,
            39.32921507221515
          ],
          [
            -121.63057612205803,
            39.32914987186753
          ],
          [
            -121.63045878770889,
            39.32909100583521
          ],
          [
            -121.63033312238379,
            39.32904320615802
          ],
          [
            -121.6302901883031,
            39.329042006127885
          ],
          [
            -121.63015778830831,
            39.32907820575331
          ],
          [
            -121.62997972155777,
            39.3291220717861
          ],
          [
            -121.62993438807693,
            39.32913127177429
          ],
          [
            -121.62984178794085,
            39.32914127224345
          ],
          [
            -121.62979492193415,
            39.32914260568555
          ],
          [
            -121.62942132159063,
            39.329124806072755
          ],
          [
            -121.62924092191525,
            39.329087006200744
          ],
          [
            -121.62919478803553,
            39.32908067182433
          ],
          [
            -121.62914818793017,
            39.329078006327435
          ],
          [
            -121.62882072236471,
            39.3290810060537
          ],
          [
            -121.62872738830501,
            39.32907807233951
          ],
          [
            -121.62868058787532,
            39.32907980602426
          ],
          [
            -121.62858898756411,
            39.32909427169363
          ],
          [
            -121.62836412218053,
            39.32915827206496
          ],
          [
            -121.62829192188619,
            39.32911287179671
          ],
          [
            -121.6281987881508,
            39.329032806127955
          ],
          [
            -121.62780978798838,
            39.32872447201655
          ],
          [
            -121.6277789218752,
            39.32869760566785
          ],
          [
            -121.62772432227224,
            39.32863980587713
          ],
          [
            -121.62759692230033,
            39.328535406052424
          ],
          [
            -121.62742872174653,
            39.32841140586906
          ],
          [
            -121.62714758769015,
            39.32822307214862
          ],
          [
            -121.62700938817191,
            39.32812687189954
          ],
          [
            -121.6269169883601,
            39.328046406244304
          ],
          [
            -121.62683058839605,
            39.32796227225286
          ],
          [
            -121.62657658795287,
            39.32775267201106
          ],
          [
            -121.62654618806533,
            39.32772547174801
          ],
          [
            -121.62649258828726,
            39.327667006155906
          ],
          [
            -121.62641918784371,
            39.32757580618313
          ],
          [
            -121.62637758776123,
            39.3275118717668
          ],
          [
            -121.62627958785193,
            39.32727347220415
          ],
          [
            -121.62626038815935,
            39.327203672010505
          ],
          [
            -121.62624038806788,
            39.32709767181017
          ],
          [
            -121.62621198783017,
            39.32707180616369
          ],
          [
            -121.62603012210425,
            39.326959606002575
          ],
          [
            -121.62592398795007,
            39.326889405936576
          ],
          [
            -121.62568492199846,
            39.32671860567966
          ],
          [
            -121.62561872155192,
            39.32666807208291
          ],
          [
            -121.6255875221638,
            39.32664147178113
          ],
          [
            -121.6255327222365,
            39.32658360566635
          ],
          [
            -121.62533198829638,
            39.326386271668035
          ],
          [
            -121.62522758789068,
            39.326268006088696
          ],
          [
            -121.62499758773691,
            39.326042671849635
          ],
          [
            -121.62490358802559,
            39.32596320583429
          ],
          [
            -121.62464098801014,
            39.32575980572298
          ],
          [
            -121.62455118792279,
            39.32567760565976
          ],
          [
            -121.62442272165063,
            39.32557380597454
          ],
          [
            -121.62424858772438,
            39.3254548059022
          ],
          [
            -121.6240809881435,
            39.32533040624776
          ],
          [
            -121.6239767215868,
            39.32525907185682
          ],
          [
            -121.62387818807824,
            39.32518287168704
          ],
          [
            -121.62372698814119,
            39.325046672085165
          ],
          [
            -121.62359112244603,
            39.3249014718073
          ],
          [
            -121.62354152196762,
            39.32484100600036
          ],
          [
            -121.62339472197881,
            39.32470240621848
          ],
          [
            -121.6231737876229,
            39.32451820625176
          ],
          [
            -121.62311218834726,
            39.32446447170197
          ],
          [
            -121.62305618827075,
            39.32440740571216
          ],
          [
            -121.6229009216604,
            39.32427400578794
          ],
          [
            -121.62282038769519,
            39.32418627178234
          ],
          [
            -121.62276078806936,
            39.3241312062195
          ],
          [
            -121.62266058818594,
            39.32401100566091
          ],
          [
            -121.62254432193366,
            39.32389920572479
          ],
          [
            -121.62244378787696,
            39.3237790061573
          ],
          [
            -121.62232858792491,
            39.32362367204131
          ],
          [
            -121.6222713876992,
            39.323526072153285
          ],
          [
            -121.62223878783753,
            39.323459206339095
          ],
          [
            -121.62217852166175,
            39.32336260621207
          ],
          [
            -121.6220259877265,
            39.32306527206141
          ]
        ]
      },
      "properties": {
        "OBJECTID": 15864911,
        "permanent_identifier": "129659441",
        "fdate": 1539820800000,
        "resolution": 2,
        "gnis_id": "00223423",
        "gnis_name": "Feather River",
        "lengthkm": 1.7561649,
        "reachcode": "18020159002298",
        "flowdir": 1,
        "wbarea_permanent_identifier": "{67F17103-BA22-453F-9E2F-03DF71FD8FFD}",
        "ftype": 558,
        "fcode": 55800,
        "mainpath": 0,
        "innetwork": 1,
        "visibilityfilter": 0,
        "nhdplusid": 50000900190426,
        "vpuid": "1802",
        "streamleve": 2,
        "streamorde": 9,
        "streamcalc": 9,
        "fromnode": 50000900104376,
        "tonode": 50000900146485,
        "hydroseq": 50000900004820,
        "levelpathi": 50000900002383,
        "pathlength": 203.29797944,
        "terminalpa": 50000900001300,
        "arbolatesu": 29895.78692286,
        "divergence": 1,
        "startflag": 0,
        "terminalfl": 0,
        "uplevelpat": 50000900002383,
        "uphydroseq": 50000900004826,
        "dnlevel": 2,
        "dnlevelpat": 50000900002383,
        "dnhydroseq": 50000900004813,
        "dnminorhyd": 0,
        "dndraincou": 1,
        "frommeas": 0,
        "tomeas": 100,
        "rtndiv": 0,
        "thinner": null,
        "vpuin": 0,
        "vpuout": 0,
        "areasqkm": 1.13519997,
        "totdasqkm": 9077.166115420001,
        "divdasqkm": 9077.166115420001,
        "maxelevraw": -9998,
        "minelevraw": 2275,
        "maxelevsmo": 2352,
        "minelevsmo": 2275,
        "slope": 0.00043846,
        "slopelenkm": 1.7561649,
        "elevfixed": null,
        "hwtype": null,
        "hwnodesqkm": null,
        "statusflag": "A",
        "qama": 8207.531822,
        "vama": 2.15242068,
        "qincrama": 0.221538,
        "qbma": 8207.531822,
        "vbma": 2.15242068,
        "qincrbma": 0.221538,
        "qcma": 8207.531822,
        "vcma": 2.15242068,
        "qincrcma": 0.221538,
        "qdma": 8207.531822,
        "vdma": 2.15242068,
        "qincrdma": 0.221538,
        "qema": 8207.531822,
        "vema": 2.15242068,
        "qincrema": 0.221538,
        "qfma": 8207.531822,
        "qincrfma": 0.221538,
        "arqnavma": 0,
        "petma": 0,
        "qlossma": 0,
        "qgadjma": 0,
        "qgnavma": 0,
        "gageadjma": 0,
        "avgqadjma": 0,
        "gageidma": "0",
        "gageqma": 0,
        "Shape_Length": 2267.245759760264
      }
    },
    {
      "type": "Feature",
      "id": 15957794,
      "geometry": {
        "type": "LineString",
        "coordinates": [
          [
            -121.48710258938029,
            39.5335404050188
          ],
          [
            -121.48719178939305,
            39.533562804822566
          ],
          [
            -121.48732818868747,
            39.53358960476394
          ],
          [
            -121.48737252234338,
            39.533600805005214
          ],
          [
            -121.48749712226655,
            39.533650872126245
          ]
        ]
      },
      "properties": {
        "OBJECTID": 15957794,
        "permanent_identifier": "{89E7F3FB-E9F8-422F-8118-15E46928D5B3}",
        "fdate": 1520294400000,
        "resolution": 2,
        "gnis_id": "00223423",
        "gnis_name": "Feather River",
        "lengthkm": 0.03598446,
        "reachcode": "18020159001952",
        "flowdir": 1,
        "wbarea_permanent_identifier": "129660017",
        "ftype": 558,
        "fcode": 55800,
        "mainpath": 0,
        "innetwork": 1,
        "visibilityfilter": 0,
        "nhdplusid": 50000900250570,
        "vpuid": "1802",
        "streamleve": 2,
        "streamorde": 1,
        "streamcalc": 1,
        "fromnode": 50000900137370,
        "tonode": 50000900170097,
        "hydroseq": 50000900004949,
        "levelpathi": 50000900002383,
        "pathlength": 243.79353437,
        "terminalpa": 50000900001300,
        "arbolatesu": 29758.19512566,
        "divergence": 0,
        "startflag": 0,
        "terminalfl": 0,
        "uplevelpat": 50000900002383,
        "uphydroseq": 50000900004952,
        "dnlevel": 2,
        "dnlevelpat": 50000900002383,
        "dnhydroseq": 50000900004947,
        "dnminorhyd": 0,
        "dndraincou": 1,
        "frommeas": 86.07280731,
        "tomeas": 100,
        "rtndiv": 0,
        "thinner": null,
        "vpuin": 0,
        "vpuout": 0,
        "areasqkm": 0.44149998,
        "totdasqkm": 8995.45571553,
        "divdasqkm": 1.88070003,
        "maxelevraw": -9998,
        "minelevraw": 7079,
        "maxelevsmo": 7358,
        "minelevsmo": 7290,
        "slope": 0.018897050000000002,
        "slopelenkm": 0.03598446,
        "elevfixed": null,
        "hwtype": null,
        "hwnodesqkm": null,
        "statusflag": "A",
        "qama": 1.0191089999999998,
        "vama": -9998,
        "qincrama": 0.22496300000000002,
        "qbma": 1.0191089999999998,
        "vbma": -9998,
        "qincrbma": 0.22496300000000002,
        "qcma": 1.0191089999999998,
        "vcma": -9998,
        "qincrcma": 0.22496300000000002,
        "qdma": 1.0191089999999998,
        "vdma": -9998,
        "qincrdma": 0.22496300000000002,
        "qema": 1.0191089999999998,
        "vema": -9998,
        "qincrema": 0.22496300000000002,
        "qfma": 1.0191089999999998,
        "qincrfma": 0.22496300000000002,
        "arqnavma": 0,
        "petma": 0,
        "qlossma": 0,
        "qgadjma": 0,
        "qgnavma": 0,
        "gageadjma": 0,
        "avgqadjma": 0,
        "gageidma": "0",
        "gageqma": 0,
        "Shape_Length": 46.944918550349435
      }
    },
    {
      "type": "Feature",
      "id": 16101692,
      "geometry": {
        "type": "LineString",
        "coordinates": [
          [
            -121.63522619363413,
            39.25502838696973
          ],
          [
            -121.63513117882651,
            39.25461909401217
          ],
          [
            -121.63489323217573,
            39.253340134289274
          ],
          [
            -121.63486348895668,
            39.251733997180054
          ],
          [
            -121.63551132609182,
            39.250440939774265
          ],
          [
            -121.6357611691319,
            39.25001977592748
          ],
          [
            -121.63610381083575,
            39.24945584268318
          ],
          [
            -121.63618638756992,
            39.248712206023626
          ],
          [
            -121.6361691884255,
            39.248356472340824
          ],
          [
            -121.63616252202777,
            39.24807200597639
          ],
          [
            -121.63614052228648,
            39.2476098722856
          ],
          [
            -121.636153387958,
            39.24755467204568
          ]
        ]
      },
      "properties": {
        "OBJECTID": 16101692,
        "permanent_identifier": "{4CFA613D-4496-438B-B86E-B87F49E2D97E}",
        "fdate": 1539820800000,
        "resolution": 2,
        "gnis_id": "00223423",
        "gnis_name": "Feather River",
        "lengthkm": 0.8615554900000001,
        "reachcode": "18020159001142",
        "flowdir": 1,
        "wbarea_permanent_identifier": "{67F17103-BA22-453F-9E2F-03DF71FD8FFD}",
        "ftype": 558,
        "fcode": 55800,
        "mainpath": 0,
        "innetwork": 1,
        "visibilityfilter": 0,
        "nhdplusid": 50000900309344,
        "vpuid": "1802",
        "streamleve": 2,
        "streamorde": 9,
        "streamcalc": 9,
        "fromnode": 50000900169789,
        "tonode": 50000900055609,
        "hydroseq": 50000900004782,
        "levelpathi": 50000900002383,
        "pathlength": 190.66307061,
        "terminalpa": 50000900001300,
        "arbolatesu": 30879.99643585,
        "divergence": 0,
        "startflag": 0,
        "terminalfl": 0,
        "uplevelpat": 50000900002383,
        "uphydroseq": 50000900004791,
        "dnlevel": 2,
        "dnlevelpat": 50000900002383,
        "dnhydroseq": 50000900004773,
        "dnminorhyd": 50000900004776,
        "dndraincou": 2,
        "frommeas": 65.66040038999999,
        "tomeas": 69.42704773000001,
        "rtndiv": 0,
        "thinner": null,
        "vpuin": 0,
        "vpuout": 0,
        "areasqkm": 0.81659995,
        "totdasqkm": 9595.9022153,
        "divdasqkm": 9595.9022153,
        "maxelevraw": -9998,
        "minelevraw": 1797,
        "maxelevsmo": 1870,
        "minelevsmo": 1843,
        "slope": 0.00031339000000000003,
        "slopelenkm": 0.8615554900000001,
        "elevfixed": null,
        "hwtype": null,
        "hwnodesqkm": null,
        "statusflag": "A",
        "qama": 8435.963451000001,
        "vama": 2.07497573,
        "qincrama": 0.15661300000000003,
        "qbma": 8435.963451000001,
        "vbma": 2.07497573,
        "qincrbma": 0.15661300000000003,
        "qcma": 8435.963451000001,
        "vcma": 2.07497573,
        "qincrcma": 0.15661300000000003,
        "qdma": 8435.963451000001,
        "vdma": 2.07497573,
        "qincrdma": 0.15661300000000003,
        "qema": 8435.963451000001,
        "vema": 2.07497573,
        "qincrema": 0.15661300000000003,
        "qfma": 8435.963451000001,
        "qincrfma": 0.15661300000000003,
        "arqnavma": 0,
        "petma": 0,
        "qlossma": 0,
        "qgadjma": 0,
        "qgnavma": 0,
        "gageadjma": 0,
        "avgqadjma": 0,
        "gageidma": "0",
        "gageqma": 0,
        "Shape_Length": 1105.9544509199254
      }
    },
    {
      "type": "Feature",
      "id": 16147043,
      "geometry": {
        "type": "LineString",
        "coordinates": [
          [
            -121.62797058822085,
            39.34054427217838
          ],
          [
            -121.62797418777019,
            39.340508671805736
          ],
          [
            -121.62799032241101,
            39.34040240623215
          ],
          [
            -121.62805012236115,
            39.34008447212171
          ],
          [
            -121.62805878840871,
            39.34001340567242
          ],
          [
            -121.62806412170656,
            39.33990640568356
          ],
          [
            -121.62805478821073,
            39.339782206122244
          ]
        ]
      },
      "properties": {
        "OBJECTID": 16147043,
        "permanent_identifier": "{954DADC5-9439-41C0-AABA-60301C7AE619}",
        "fdate": 1539820800000,
        "resolution": 2,
        "gnis_id": "00223423",
        "gnis_name": "Feather River",
        "lengthkm": 0.08592915000000001,
        "reachcode": "18020159002790",
        "flowdir": 1,
        "wbarea_permanent_identifier": "{67F17103-BA22-453F-9E2F-03DF71FD8FFD}",
        "ftype": 558,
        "fcode": 55800,
        "mainpath": 0,
        "innetwork": 1,
        "visibilityfilter": 5000000,
        "nhdplusid": 50000900220430,
        "vpuid": "1802",
        "streamleve": 2,
        "streamorde": 9,
        "streamcalc": 9,
        "fromnode": 50000900120824,
        "tonode": 50000900006919,
        "hydroseq": 50000900004829,
        "levelpathi": 50000900002383,
        "pathlength": 205.7664159,
        "terminalpa": 50000900001300,
        "arbolatesu": 29891.761014469997,
        "divergence": 0,
        "startflag": 0,
        "terminalfl": 0,
        "uplevelpat": 50000900002383,
        "uphydroseq": 50000900004848,
        "dnlevel": 2,
        "dnlevelpat": 50000900002383,
        "dnhydroseq": 50000900004826,
        "dnminorhyd": 0,
        "dndraincou": 1,
        "frommeas": 0,
        "tomeas": 9.34883022,
        "rtndiv": 1,
        "thinner": null,
        "vpuin": 0,
        "vpuout": 0,
        "areasqkm": 0.012100000000000001,
        "totdasqkm": 9074.7588155,
        "divdasqkm": 9074.7588155,
        "maxelevraw": -9998,
        "minelevraw": 2353,
        "maxelevsmo": 2358,
        "minelevsmo": 2358,
        "slope": 1e-05,
        "slopelenkm": 0.08592915000000001,
        "elevfixed": null,
        "hwtype": null,
        "hwnodesqkm": null,
        "statusflag": "A",
        "qama": 8207.063495999999,
        "vama": 1.3192316899999998,
        "qincrama": 0.002358,
        "qbma": 8207.063495999999,
        "vbma": 1.3192316899999998,
        "qincrbma": 0.002358,
        "qcma": 8207.063495999999,
        "vcma": 1.3192316899999998,
        "qincrcma": 0.002358,
        "qdma": 8207.063495999999,
        "vdma": 1.3192316899999998,
        "qincrdma": 0.002358,
        "qema": 8207.063495999999,
        "vema": 1.3192316899999998,
        "qincrema": 0.002358,
        "qfma": 8207.063495999999,
        "qincrfma": 0.002358,
        "arqnavma": 0,
        "petma": 0,
        "qlossma": 0,
        "qgadjma": 0,
        "qgnavma": 0,
        "gageadjma": 0,
        "avgqadjma": 0,
        "gageidma": "0",
        "gageqma": 0,
        "Shape_Length": 110.37807973276733
      }
    },
    {
      "type": "Feature",
      "id": 16512551,
      "geometry": {
        "type": "LineString",
        "coordinates": [
          [
            -121.54745732198032,
            39.52071120467604
          ],
          [
            -121.54744698776128,
            39.520676272084344
          ],
          [
            -121.547453788008,
            39.52056947225124
          ],
          [
            -121.54744558818608,
            39.52042627185132
          ]
        ]
      },
      "properties": {
        "OBJECTID": 16512551,
        "permanent_identifier": "129659242",
        "fdate": 1398211200000,
        "resolution": 2,
        "gnis_id": "00223423",
        "gnis_name": "Feather River",
        "lengthkm": 0.03205892,
        "reachcode": "18020159001237",
        "flowdir": 1,
        "wbarea_permanent_identifier": "129660018",
        "ftype": 558,
        "fcode": 55800,
        "mainpath": 0,
        "innetwork": 1,
        "visibilityfilter": 5000000,
        "nhdplusid": 50000900457698,
        "vpuid": "1802",
        "streamleve": 2,
        "streamorde": 9,
        "streamcalc": 9,
        "fromnode": 50000900202525,
        "tonode": 50000900251437,
        "hydroseq": 50000900004902,
        "levelpathi": 50000900002383,
        "pathlength": 235.64428693000002,
        "terminalpa": 50000900001300,
        "arbolatesu": 29854.81608709,
        "divergence": 1,
        "startflag": 0,
        "terminalfl": 0,
        "uplevelpat": 50000900002383,
        "uphydroseq": 50000900004908,
        "dnlevel": 2,
        "dnlevelpat": 50000900002383,
        "dnhydroseq": 50000900004899,
        "dnminorhyd": 0,
        "dndraincou": 1,
        "frommeas": 99.18392944,
        "tomeas": 100,
        "rtndiv": 1,
        "thinner": null,
        "vpuin": 0,
        "vpuout": 0,
        "areasqkm": 0.0037,
        "totdasqkm": 9040.75771554,
        "divdasqkm": 9040.75771554,
        "maxelevraw": -9998,
        "minelevraw": 4537,
        "maxelevsmo": 4569,
        "minelevsmo": 4537,
        "slope": 0.00998162,
        "slopelenkm": 0.03205892,
        "elevfixed": null,
        "hwtype": null,
        "hwnodesqkm": null,
        "statusflag": "A",
        "qama": 8199.078029999999,
        "vama": 3.3372407500000003,
        "qincrama": 0.001163,
        "qbma": 8199.078029999999,
        "vbma": 3.3372407500000003,
        "qincrbma": 0.001163,
        "qcma": 8199.078029999999,
        "vcma": 3.3372407500000003,
        "qincrcma": 0.001163,
        "qdma": 8199.078029999999,
        "vdma": 3.3372407500000003,
        "qincrdma": 0.001163,
        "qema": 8199.078029999999,
        "vema": 3.3372407500000003,
        "qincrema": 0.001163,
        "qfma": 8199.078029999999,
        "qincrfma": 0.001163,
        "arqnavma": 0,
        "petma": 0,
        "qlossma": 0,
        "qgadjma": 0,
        "qgnavma": 0,
        "gageadjma": 0,
        "avgqadjma": 0,
        "gageidma": "0",
        "gageqma": 0,
        "Shape_Length": 41.286726606397444
      }
    },
    {
      "type": "Feature",
      "id": 17081606,
      "geometry": {
        "type": "LineString",
        "coordinates": [
          [
            -121.63925312186387,
            39.36140100573273
          ],
          [
            -121.63921258808163,
            39.36135427204628
          ],
          [
            -121.63915638768083,
            39.36129720630198
          ],
          [
            -121.63895072198979,
            39.361102806118026
          ],
          [
            -121.63888952156611,
            39.36104867184643
          ],
          [
            -121.63872838805867,
            39.360919206296465
          ],
          [
            -121.63819144614871,
            39.360334693816824
          ],
          [
            -121.6376203754445,
            39.359373391193245
          ],
          [
            -121.63684942869126,
            39.35803137518648
          ],
          [
            -121.6364519223814,
            39.35716407169123
          ],
          [
            -121.63572398786226,
            39.3563780060194
          ],
          [
            -121.63449172207467,
            39.3553600062266
          ],
          [
            -121.63348962981567,
            39.354681093669264
          ],
          [
            -121.63198581140247,
            39.35411002327604
          ],
          [
            -121.63077704464439,
            39.353462810124256
          ],
          [
            -121.62954924168709,
            39.35289174019259
          ],
          [
            -121.62883540442971,
            39.35266331174659
          ],
          [
            -121.62820722692456,
            39.352634758311964
          ],
          [
            -121.62756953087067,
            39.35269186516953
          ],
          [
            -121.62693183481679,
            39.35261572198781
          ],
          [
            -121.62612692186435,
            39.352439405993884
          ],
          [
            -121.62549464085498,
            39.352149346749144
          ],
          [
            -121.62504730319968,
            39.35178766986134
          ],
          [
            -121.62478080269929,
            39.35141647312267
          ],
          [
            -121.62459044609732,
            39.351045277190565
          ],
          [
            -121.62457140989815,
            39.35056938587921
          ],
          [
            -121.62469514204874,
            39.350160117717856
          ],
          [
            -121.62510440910228,
            39.34941772581611
          ],
          [
            -121.6256754798065,
            39.34834220997682
          ],
          [
            -121.62593392241881,
            39.34784267220672
          ],
          [
            -121.62597458825341,
            39.34774567228578
          ]
        ]
      },
      "properties": {
        "OBJECTID": 17081606,
        "permanent_identifier": "129659435",
        "fdate": 1539820800000,
        "resolution": 2,
        "gnis_id": "00223423",
        "gnis_name": "Feather River",
        "lengthkm": 2.20994642,
        "reachcode": "18020159002567",
        "flowdir": 1,
        "wbarea_permanent_identifier": "{67F17103-BA22-453F-9E2F-03DF71FD8FFD}",
        "ftype": 558,
        "fcode": 55800,
        "mainpath": 0,
        "innetwork": 1,
        "visibilityfilter": 5000000,
        "nhdplusid": 50000900398263,
        "vpuid": "1802",
        "streamleve": 2,
        "streamorde": 9,
        "streamcalc": 9,
        "fromnode": 50000900218760,
        "tonode": 50000900039274,
        "hydroseq": 50000900004857,
        "levelpathi": 50000900002383,
        "pathlength": 206.68479792,
        "terminalpa": 50000900001300,
        "arbolatesu": 29890.06653204,
        "divergence": 0,
        "startflag": 0,
        "terminalfl": 0,
        "uplevelpat": 50000900002383,
        "uphydroseq": 50000900004865,
        "dnlevel": 2,
        "dnlevelpat": 50000900002383,
        "dnhydroseq": 50000900004854,
        "dnminorhyd": 50000900004855,
        "dndraincou": 2,
        "frommeas": 0,
        "tomeas": 100,
        "rtndiv": 0,
        "thinner": null,
        "vpuin": 0,
        "vpuout": 0,
        "areasqkm": 3.2363000299999998,
        "totdasqkm": 9074.24171548,
        "divdasqkm": 9074.24171548,
        "maxelevraw": -9998,
        "minelevraw": 2169,
        "maxelevsmo": 2358,
        "minelevsmo": 2358,
        "slope": 1e-05,
        "slopelenkm": 2.20994642,
        "elevfixed": null,
        "hwtype": null,
        "hwnodesqkm": null,
        "statusflag": "A",
        "qama": 8206.962735,
        "vama": 1.31922211,
        "qincrama": 0.6217130000000001,
        "qbma": 8206.962735,
        "vbma": 1.31922211,
        "qincrbma": 0.6217130000000001,
        "qcma": 8206.962735,
        "vcma": 1.31922211,
        "qincrcma": 0.6217130000000001,
        "qdma": 8206.962735,
        "vdma": 1.31922211,
        "qincrdma": 0.6217130000000001,
        "qema": 8206.962735,
        "vema": 1.31922211,
        "qincrema": 0.6217130000000001,
        "qfma": 8206.962735,
        "qincrfma": 0.6217130000000001,
        "arqnavma": 0,
        "petma": 0,
        "qlossma": 0,
        "qgadjma": 0,
        "qgnavma": 0,
        "gageadjma": 0,
        "avgqadjma": 0,
        "gageidma": "0",
        "gageqma": 0,
        "Shape_Length": 2857.8340531541035
      }
    },
    {
      "type": "Feature",
      "id": 17084544,
      "geometry": {
        "type": "LineString",
        "coordinates": [
          [
            -121.59622731509931,
            39.46697772932693
          ],
          [
            -121.59716958225536,
            39.46697772932693
          ],
          [
            -121.59801191093771,
            39.46684923912804
          ],
          [
            -121.5987257499917,
            39.46656370265399
          ],
          [
            -121.59957958788948,
            39.46618367232813
          ],
          [
            -121.60079292168248,
            39.46582160512152
          ],
          [
            -121.60139352809493,
            39.465477886904075
          ],
          [
            -121.60244049030405,
            39.464651024124144
          ],
          [
            -121.60284499898155,
            39.464163234792856
          ],
          [
            -121.60323166082931,
            39.46380631480481
          ],
          [
            -121.60329114816574,
            39.46346129320697
          ],
          [
            -121.60336729026751,
            39.46312380579357
          ],
          [
            -121.60356716541823,
            39.46273357422224
          ],
          [
            -121.60376703967066,
            39.46227671782699
          ],
          [
            -121.60408112932153,
            39.46199118201068
          ],
          [
            -121.60472511987062,
            39.46202290734562
          ]
        ]
      },
      "properties": {
        "OBJECTID": 17084544,
        "permanent_identifier": "{87079890-C411-4DF5-9C73-107E443A9F7E}",
        "fdate": 1539820800000,
        "resolution": 2,
        "gnis_id": "00223423",
        "gnis_name": "Feather River",
        "lengthkm": 1.00199601,
        "reachcode": "18020159001219",
        "flowdir": 1,
        "wbarea_permanent_identifier": "{67F17103-BA22-453F-9E2F-03DF71FD8FFD}",
        "ftype": 558,
        "fcode": 55800,
        "mainpath": 0,
        "innetwork": 1,
        "visibilityfilter": 0,
        "nhdplusid": 50000900013024,
        "vpuid": "1802",
        "streamleve": 2,
        "streamorde": 9,
        "streamcalc": 9,
        "fromnode": 50000900006983,
        "tonode": 50000900235054,
        "hydroseq": 50000900004889,
        "levelpathi": 50000900002383,
        "pathlength": 225.93117324,
        "terminalpa": 50000900001300,
        "arbolatesu": 29868.57930351,
        "divergence": 0,
        "startflag": 0,
        "terminalfl": 0,
        "uplevelpat": 50000900002383,
        "uphydroseq": 50000900004891,
        "dnlevel": 2,
        "dnlevelpat": 50000900002383,
        "dnhydroseq": 50000900004884,
        "dnminorhyd": 0,
        "dndraincou": 1,
        "frommeas": 34.53345108,
        "tomeas": 45.789329529999996,
        "rtndiv": 0,
        "thinner": null,
        "vpuin": 0,
        "vpuout": 0,
        "areasqkm": 1.58479997,
        "totdasqkm": 9051.89371563,
        "divdasqkm": 9051.89371563,
        "maxelevraw": -9998,
        "minelevraw": 3357,
        "maxelevsmo": 3705,
        "minelevsmo": 3357,
        "slope": 0.0034730700000000004,
        "slopelenkm": 1.00199601,
        "elevfixed": null,
        "hwtype": null,
        "hwnodesqkm": null,
        "statusflag": "A",
        "qama": 8202.213413000001,
        "vama": 2.869755,
        "qincrama": 0.406796,
        "qbma": 8202.213413000001,
        "vbma": 2.869755,
        "qincrbma": 0.406796,
        "qcma": 8202.213413000001,
        "vcma": 2.869755,
        "qincrcma": 0.406796,
        "qdma": 8202.213413000001,
        "vdma": 2.869755,
        "qincrdma": 0.406796,
        "qema": 8202.213413000001,
        "vema": 2.869755,
        "qincrema": 0.406796,
        "qfma": 8202.213413000001,
        "qincrfma": 0.406796,
        "arqnavma": 0,
        "petma": 0,
        "qlossma": 0,
        "qgadjma": 0,
        "qgnavma": 0,
        "gageadjma": 0,
        "avgqadjma": 0,
        "gageidma": "0",
        "gageqma": 0,
        "Shape_Length": 1300.5228363813567
      }
    },
    {
      "type": "Feature",
      "id": 17677585,
      "geometry": {
        "type": "LineString",
        "coordinates": [
          [
            -121.54471778824882,
            39.52938007196185
          ],
          [
            -121.54473912233851,
            39.52905927215106
          ],
          [
            -121.54472718821997,
            39.52902567199528
          ],
          [
            -121.5444409876654,
            39.52859767218456
          ]
        ]
      },
      "properties": {
        "OBJECTID": 17677585,
        "permanent_identifier": "129659159",
        "fdate": 1327255179000,
        "resolution": 2,
        "gnis_id": "00223423",
        "gnis_name": "Feather River",
        "lengthkm": 0.094,
        "reachcode": "18020159002418",
        "flowdir": 1,
        "wbarea_permanent_identifier": "129660017",
        "ftype": 558,
        "fcode": 55800,
        "mainpath": 0,
        "innetwork": 1,
        "visibilityfilter": 5000000,
        "nhdplusid": 50000900220853,
        "vpuid": "1802",
        "streamleve": 2,
        "streamorde": 9,
        "streamcalc": 9,
        "fromnode": 50000900121008,
        "tonode": 50000900169959,
        "hydroseq": 50000900004910,
        "levelpathi": 50000900002383,
        "pathlength": 236.61949850000002,
        "terminalpa": 50000900001300,
        "arbolatesu": 29853.310764640002,
        "divergence": 1,
        "startflag": 0,
        "terminalfl": 0,
        "uplevelpat": 50000900002383,
        "uphydroseq": 50000900004913,
        "dnlevel": 2,
        "dnlevelpat": 50000900002383,
        "dnhydroseq": 50000900004908,
        "dnminorhyd": 0,
        "dndraincou": 1,
        "frommeas": 0,
        "tomeas": 100,
        "rtndiv": 0,
        "thinner": null,
        "vpuin": 0,
        "vpuout": 0,
        "areasqkm": 0.017099990000000002,
        "totdasqkm": 9039.11471552,
        "divdasqkm": 9039.11471552,
        "maxelevraw": -9998,
        "minelevraw": 6035,
        "maxelevsmo": 6991,
        "minelevsmo": 6035,
        "slope": 0.10170213,
        "slopelenkm": 0.094,
        "elevfixed": null,
        "hwtype": null,
        "hwnodesqkm": null,
        "statusflag": "A",
        "qama": 8198.531217,
        "vama": -9998,
        "qincrama": 0.005671,
        "qbma": 8198.531217,
        "vbma": -9998,
        "qincrbma": 0.005671,
        "qcma": 8198.531217,
        "vcma": -9998,
        "qincrcma": 0.005671,
        "qdma": 8198.531217,
        "vdma": -9998,
        "qincrdma": 0.005671,
        "qema": 8198.531217,
        "vema": -9998,
        "qincrema": 0.005671,
        "qfma": 8198.531217,
        "qincrfma": 0.005671,
        "arqnavma": 0,
        "petma": 0,
        "qlossma": 0,
        "qgadjma": 0,
        "qgnavma": 0,
        "gageadjma": 0,
        "avgqadjma": 0,
        "gageidma": "0",
        "gageqma": 0,
        "Shape_Length": 120.89279747838555
      }
    },
    {
      "type": "Feature",
      "id": 18014634,
      "geometry": {
        "type": "LineString",
        "coordinates": [
          [
            -121.6361483223581,
            39.43461380526895
          ],
          [
            -121.63603012203302,
            39.434387471742625
          ],
          [
            -121.6359865878777,
            39.43432427201064
          ],
          [
            -121.6359589215636,
            39.43429667197798
          ],
          [
            -121.63592198822899,
            39.434274405307185
          ],
          [
            -121.63588218837033,
            39.43425667203192
          ],
          [
            -121.63570152189534,
            39.43421787167375
          ],
          [
            -121.6356573220884,
            39.43420600530805
          ],
          [
            -121.63552912171758,
            39.43416207205418
          ],
          [
            -121.63540772159345,
            39.434107872336135
          ],
          [
            -121.63536972195864,
            39.434087072338464
          ],
          [
            -121.63526218822923,
            39.43401807200138
          ],
          [
            -121.63519478763344,
            39.433968604719134
          ],
          [
            -121.6351647219192,
            39.433941604700316
          ],
          [
            -121.63503232192444,
            39.43379460479961
          ],
          [
            -121.63495832230458,
            39.4337038049561
          ],
          [
            -121.63485272174968,
            39.433586204658965
          ],
          [
            -121.63477078820922,
            39.433499405138264
          ],
          [
            -121.63451498844051,
            39.43324407225544
          ],
          [
            -121.63430732220135,
            39.43305107209367
          ],
          [
            -121.63418198835457,
            39.43294520475552
          ],
          [
            -121.63401678817384,
            39.43281887200074
          ],
          [
            -121.63391178769353,
            39.43274787217047
          ],
          [
            -121.63375798803207,
            39.4326664717092
          ],
          [
            -121.63364818785318,
            39.432599872017946
          ],
          [
            -121.63360818767022,
            39.432581404933885
          ],
          [
            -121.63349958764059,
            39.432513604827335
          ],
          [
            -121.6334315878685,
            39.43246447229316
          ],
          [
            -121.63323952177257,
            39.43230860481806
          ],
          [
            -121.63320418833747,
            39.432285005344866
          ],
          [
            -121.63296932200984,
            39.432167605253575
          ],
          [
            -121.63284332161314,
            39.43212000516494
          ],
          [
            -121.6327813881642,
            39.4321554721048
          ],
          [
            -121.63266178826389,
            39.43221200533027
          ],
          [
            -121.63262032203039,
            39.43222860470162
          ],
          [
            -121.63253658826609,
            39.43226067178389
          ],
          [
            -121.63249278820949,
            39.43227340508346
          ],
          [
            -121.63240192182187,
            39.43229087173629
          ],
          [
            -121.63235498844152,
            39.43229267224306
          ],
          [
            -121.63230872161115,
            39.43228900531493
          ],
          [
            -121.63226358755631,
            39.432279204867456
          ],
          [
            -121.63213418793461,
            39.43223747194482
          ],
          [
            -121.6320179216823,
            39.432177405022905
          ],
          [
            -121.63164852186105,
            39.431957872236026
          ],
          [
            -121.63161338785198,
            39.43193427195018
          ],
          [
            -121.63140772216094,
            39.43178880467402
          ],
          [
            -121.63125252202595,
            39.43165560493765
          ],
          [
            -121.63105418838424,
            39.431504072182925
          ],
          [
            -121.63091092236778,
            39.431412272298
          ],
          [
            -121.63087312215896,
            39.43139127166793
          ],
          [
            -121.63079278761973,
            39.431354604678916
          ],
          [
            -121.63049418761928,
            39.4312532718303
          ],
          [
            -121.63041372192603,
            39.43121660476867
          ],
          [
            -121.6303697224434,
            39.43120440484491
          ],
          [
            -121.6302425218975,
            39.43115887176584
          ],
          [
            -121.63011852204895,
            39.43110860522142
          ],
          [
            -121.6300027220223,
            39.431048005143914
          ],
          [
            -121.62996752243622,
            39.4310244052437
          ],
          [
            -121.62990332163949,
            39.430972404671024
          ],
          [
            -121.6298477877886,
            39.43091487198871
          ],
          [
            -121.62979712190827,
            39.430854871924
          ],
          [
            -121.62976572219583,
            39.43082920497484
          ],
          [
            -121.62972772166268,
            39.430808404692144
          ],
          [
            -121.6295927884188,
            39.43070920534008
          ],
          [
            -121.62959772196635,
            39.43063800491785
          ],
          [
            -121.62959898769259,
            39.43049520488869
          ],
          [
            -121.62959318816908,
            39.430388272067425
          ],
          [
            -121.62959052196932,
            39.430190205077466
          ],
          [
            -121.62837491543864,
            39.429417397887725
          ],
          [
            -121.62686157757842,
            39.428589346326376
          ],
          [
            -121.62477438782986,
            39.42697867180813
          ],
          [
            -121.62420610010639,
            39.42601952767699
          ],
          [
            -121.62397198836354,
            39.425013072108776
          ],
          [
            -121.62389201135383,
            39.42407788831026
          ],
          [
            -121.62403477790697,
            39.42342115708556
          ],
          [
            -121.62433458973473,
            39.42290719321449
          ],
          [
            -121.62416033812917,
            39.421462499198654
          ],
          [
            -121.62446015085526,
            39.42047740228289
          ],
          [
            -121.62487417718317,
            39.419249599888474
          ],
          [
            -121.6254595248122,
            39.418692807302186
          ],
          [
            -121.6268187477023,
            39.41811019983893
          ],
          [
            -121.62701862285302,
            39.41712510273701
          ],
          [
            -121.62726132787986,
            39.41633988012459
          ],
          [
            -121.62776101396001,
            39.41552610498922
          ],
          [
            -121.62807510271256,
            39.41476943682028
          ],
          [
            -121.6281383971092,
            39.41355763731534
          ],
          [
            -121.62769224792503,
            39.4123679072001
          ],
          [
            -121.62694866565197,
            39.41162432424418
          ],
          [
            -121.62590765208662,
            39.41105920186279
          ],
          [
            -121.62501535371828,
            39.41001818895046
          ],
          [
            -121.62391485371487,
            39.40930435011738
          ],
          [
            -121.62251692062253,
            39.40891768777736
          ],
          [
            -121.62126770272721,
            39.40867974225798
          ],
          [
            -121.61993218817409,
            39.40858700515502
          ],
          [
            -121.6189417883868,
            39.40844040500166
          ],
          [
            -121.61801972164658,
            39.40813400519518
          ],
          [
            -121.61725236186628,
            39.40754949724071
          ],
          [
            -121.61671698392323,
            39.40701411893422
          ],
          [
            -121.61665749838343,
            39.40612182072063
          ],
          [
            -121.61698467379308,
            39.405467469076235
          ],
          [
            -121.61766876872969,
            39.40490234677231
          ],
          [
            -121.61832032219516,
            39.403876472322615
          ],
          [
            -121.6190331883737,
            39.40240767228754
          ],
          [
            -121.61942098838692,
            39.401053872133105
          ],
          [
            -121.61959172218982,
            39.399307472049934
          ],
          [
            -121.62029133462465,
            39.39726338082961
          ],
          [
            -121.6212513884233,
            39.39598567191545
          ],
          [
            -121.62210051375912,
            39.39398657006974
          ],
          [
            -121.62310385826962,
            39.393151671863315
          ],
          [
            -121.6232751786724,
            39.390653237764
          ],
          [
            -121.62366065204901,
            39.38986801628326
          ],
          [
            -121.62596713762645,
            39.38771074187603
          ],
          [
            -121.62715686998197,
            39.38655075379317
          ],
          [
            -121.62831685642352,
            39.386134348025045
          ],
          [
            -121.62928618802242,
            39.38573720591393
          ],
          [
            -121.62940718839627,
            39.38568287203446
          ],
          [
            -121.62994872159564,
            39.38534200628892
          ],
          [
            -121.63064752195345,
            39.3848650718102
          ]
        ]
      },
      "properties": {
        "OBJECTID": 18014634,
        "permanent_identifier": "129659363",
        "fdate": 1539820800000,
        "resolution": 2,
        "gnis_id": "00223423",
        "gnis_name": "Feather River",
        "lengthkm": 7.18858292,
        "reachcode": "18020159001275",
        "flowdir": 1,
        "wbarea_permanent_identifier": "{67F17103-BA22-453F-9E2F-03DF71FD8FFD}",
        "ftype": 558,
        "fcode": 55800,
        "mainpath": 0,
        "innetwork": 1,
        "visibilityfilter": 5000000,
        "nhdplusid": 50000900355618,
        "vpuid": "1802",
        "streamleve": 2,
        "streamorde": 9,
        "streamcalc": 9,
        "fromnode": 50000900195428,
        "tonode": 50000900055524,
        "hydroseq": 50000900004871,
        "levelpathi": 50000900002383,
        "pathlength": 213.14005104999998,
        "terminalpa": 50000900001300,
        "arbolatesu": 29883.42036177,
        "divergence": 0,
        "startflag": 0,
        "terminalfl": 0,
        "uplevelpat": 50000900002383,
        "uphydroseq": 50000900004879,
        "dnlevel": 2,
        "dnlevelpat": 50000900002383,
        "dnhydroseq": 50000900004870,
        "dnminorhyd": 0,
        "dndraincou": 1,
        "frommeas": 0,
        "tomeas": 73.94846344000001,
        "rtndiv": 1,
        "thinner": null,
        "vpuin": 0,
        "vpuout": 0,
        "areasqkm": 11.44169981,
        "totdasqkm": 9067.60151548,
        "divdasqkm": 9067.60151548,
        "maxelevraw": -9998,
        "minelevraw": 1894,
        "maxelevsmo": 3103,
        "minelevsmo": 2467,
        "slope": 0.0008847400000000001,
        "slopelenkm": 7.18858292,
        "elevfixed": null,
        "hwtype": null,
        "hwnodesqkm": null,
        "statusflag": "A",
        "qama": 8205.682922,
        "vama": 2.3698210200000003,
        "qincrama": 2.449656,
        "qbma": 8205.682922,
        "vbma": 2.3698210200000003,
        "qincrbma": 2.449656,
        "qcma": 8205.682922,
        "vcma": 2.3698210200000003,
        "qincrcma": 2.449656,
        "qdma": 8205.682922,
        "vdma": 2.3698210200000003,
        "qincrdma": 2.449656,
        "qema": 8205.682922,
        "vema": 2.3698210200000003,
        "qincrema": 2.449656,
        "qfma": 8205.682922,
        "qincrfma": 2.449656,
        "arqnavma": 0,
        "petma": 0,
        "qlossma": 0,
        "qgadjma": 0,
        "qgnavma": 0,
        "gageadjma": 0,
        "avgqadjma": 0,
        "gageidma": "0",
        "gageqma": 0,
        "Shape_Length": 9288.544116197343
      }
    },
    {
      "type": "Feature",
      "id": 18372123,
      "geometry": {
        "type": "LineString",
        "coordinates": [
          [
            -121.64521538772829,
            39.3653526058362
          ],
          [
            -121.64513472171075,
            39.36526500602781
          ],
          [
            -121.64507238761317,
            39.36521167227321
          ],
          [
            -121.64495112223632,
            39.36505920615512
          ],
          [
            -121.6448439217819,
            39.3649420720691
          ],
          [
            -121.64478652213019,
            39.364885671816474
          ],
          [
            -121.64453812178445,
            39.364672072175644
          ],
          [
            -121.6442021878008,
            39.364374606041565
          ],
          [
            -121.64413752167675,
            39.364323005806675
          ],
          [
            -121.6439995215845,
            39.36422647186514
          ],
          [
            -121.64372232214907,
            39.36403447174771
          ],
          [
            -121.64357098836305,
            39.36395047205129
          ],
          [
            -121.64346352200728,
            39.36388147175375
          ],
          [
            -121.64317098832997,
            39.36365040603357
          ],
          [
            -121.64299718767869,
            39.36353080611824
          ],
          [
            -121.6429217220083,
            39.363488606304806
          ],
          [
            -121.6428433880172,
            39.363449406106376
          ],
          [
            -121.64273378816266,
            39.363382406233555
          ],
          [
            -121.64261752191038,
            39.3633222716591
          ],
          [
            -121.6425063221563,
            39.36325687184741
          ],
          [
            -121.64231372156274,
            39.36315540600025
          ],
          [
            -121.64216258810103,
            39.3630708718508
          ],
          [
            -121.64200612223979,
            39.36299260570112
          ],
          [
            -121.6416757218783,
            39.36279320615811
          ],
          [
            -121.64139138802288,
            39.36260720631577
          ],
          [
            -121.64123538838726,
            39.362528206221654
          ],
          [
            -121.64115452204538,
            39.362492271865875
          ],
          [
            -121.64107652222758,
            39.36245347185315
          ],
          [
            -121.64069038769091,
            39.3622514718252
          ],
          [
            -121.64061832214387,
            39.362205872187815
          ],
          [
            -121.63998758803343,
            39.36177987199869
          ],
          [
            -121.63977218819798,
            39.361642271963525
          ],
          [
            -121.63969818767981,
            39.361598606223396
          ],
          [
            -121.6395845876273,
            39.361535471779675
          ],
          [
            -121.63950612158388,
            39.361496605948545
          ],
          [
            -121.63942412156813,
            39.361462071952744
          ],
          [
            -121.63925312186387,
            39.36140100573273
          ]
        ]
      },
      "properties": {
        "OBJECTID": 18372123,
        "permanent_identifier": "{6B7C2FF1-735C-4AEE-B428-DAFF25390824}",
        "fdate": 1539820800000,
        "resolution": 2,
        "gnis_id": "00223423",
        "gnis_name": "Feather River",
        "lengthkm": 0.67981738,
        "reachcode": "18020159002142",
        "flowdir": 1,
        "wbarea_permanent_identifier": "{67F17103-BA22-453F-9E2F-03DF71FD8FFD}",
        "ftype": 558,
        "fcode": 55800,
        "mainpath": 0,
        "innetwork": 1,
        "visibilityfilter": 5000000,
        "nhdplusid": 50000900101357,
        "vpuid": "1802",
        "streamleve": 2,
        "streamorde": 9,
        "streamcalc": 9,
        "fromnode": 50000900055523,
        "tonode": 50000900218760,
        "hydroseq": 50000900004865,
        "levelpathi": 50000900002383,
        "pathlength": 208.89474434,
        "terminalpa": 50000900001300,
        "arbolatesu": 29887.85658562,
        "divergence": 0,
        "startflag": 0,
        "terminalfl": 0,
        "uplevelpat": 50000900002383,
        "uphydroseq": 50000900004870,
        "dnlevel": 2,
        "dnlevelpat": 50000900002383,
        "dnhydroseq": 50000900004857,
        "dnminorhyd": 0,
        "dndraincou": 1,
        "frommeas": 0,
        "tomeas": 16.040990830000002,
        "rtndiv": 0,
        "thinner": null,
        "vpuin": 0,
        "vpuout": 0,
        "areasqkm": 1.01609996,
        "totdasqkm": 9071.00541545,
        "divdasqkm": 9071.00541545,
        "maxelevraw": -9998,
        "minelevraw": 2352,
        "maxelevsmo": 2358,
        "minelevsmo": 2358,
        "slope": 1e-05,
        "slopelenkm": 0.67981738,
        "elevfixed": null,
        "hwtype": null,
        "hwnodesqkm": null,
        "statusflag": "A",
        "qama": 8206.341022,
        "vama": 1.31916228,
        "qincrama": 0.19463400000000003,
        "qbma": 8206.341022,
        "vbma": 1.31916228,
        "qincrbma": 0.19463400000000003,
        "qcma": 8206.341022,
        "vcma": 1.31916228,
        "qincrcma": 0.19463400000000003,
        "qdma": 8206.341022,
        "vdma": 1.31916228,
        "qincrdma": 0.19463400000000003,
        "qema": 8206.341022,
        "vema": 1.31916228,
        "qincrema": 0.19463400000000003,
        "qfma": 8206.341022,
        "qincrfma": 0.19463400000000003,
        "arqnavma": 0,
        "petma": 0,
        "qlossma": 0,
        "qgadjma": 0,
        "qgnavma": 0,
        "gageadjma": 0,
        "avgqadjma": 0,
        "gageidma": "0",
        "gageqma": 0,
        "Shape_Length": 880.8028657917373
      }
    },
    {
      "type": "Feature",
      "id": 18522710,
      "geometry": {
        "type": "LineString",
        "coordinates": [
          [
            -121.50721772181613,
            39.538973071693995
          ],
          [
            -121.5074375889735,
            39.53903620479128
          ],
          [
            -121.50752352181358,
            39.5390648717195
          ],
          [
            -121.50764852238538,
            39.539114271916944
          ],
          [
            -121.50776978866053,
            39.53916880482248
          ],
          [
            -121.50797798939729,
            39.53925147179562
          ],
          [
            -121.50802232215489,
            39.539261471937735
          ],
          [
            -121.5083483216698,
            39.539293872111244
          ],
          [
            -121.50844192163082,
            39.539299405266036
          ],
          [
            -121.50858278914548,
            39.53930000520489
          ],
          [
            -121.50877058914215,
            39.539294672260745
          ],
          [
            -121.50890978938364,
            39.539310071845975
          ],
          [
            -121.50904692170334,
            39.53933420517619
          ],
          [
            -121.50913938888878,
            39.53934680527077
          ],
          [
            -121.5096073222186,
            39.539376205020645
          ],
          [
            -121.5097891879445,
            39.53941200525067
          ],
          [
            -121.51015692228921,
            39.539470404955395
          ],
          [
            -121.51024778777851,
            39.539488671869165
          ],
          [
            -121.5103399881643,
            39.5395018046743
          ]
        ]
      },
      "properties": {
        "OBJECTID": 18522710,
        "permanent_identifier": "{D241A7B0-C31D-48E6-A099-CC969714BCFF}",
        "fdate": 1520294400000,
        "resolution": 2,
        "gnis_id": "00223423",
        "gnis_name": "Feather River",
        "lengthkm": 0.27589808,
        "reachcode": "18020159002008",
        "flowdir": 1,
        "wbarea_permanent_identifier": "129660017",
        "ftype": 558,
        "fcode": 55800,
        "mainpath": 0,
        "innetwork": 1,
        "visibilityfilter": 5000000,
        "nhdplusid": 50000900013510,
        "vpuid": "1802",
        "streamleve": 2,
        "streamorde": 9,
        "streamcalc": 9,
        "fromnode": 50000900007214,
        "tonode": 50000900039532,
        "hydroseq": 50000900004932,
        "levelpathi": 50000900002383,
        "pathlength": 241.50370122,
        "terminalpa": 50000900001300,
        "arbolatesu": 29772.257165069997,
        "divergence": 0,
        "startflag": 0,
        "terminalfl": 0,
        "uplevelpat": 50000900002383,
        "uphydroseq": 50000900004935,
        "dnlevel": 2,
        "dnlevelpat": 50000900002383,
        "dnhydroseq": 50000900004931,
        "dnminorhyd": 0,
        "dndraincou": 1,
        "frommeas": 0,
        "tomeas": 17.44692993,
        "rtndiv": 0,
        "thinner": null,
        "vpuin": 0,
        "vpuout": 0,
        "areasqkm": 0.108,
        "totdasqkm": 9001.76671558,
        "divdasqkm": 9001.76671558,
        "maxelevraw": -9998,
        "minelevraw": 7001,
        "maxelevsmo": 7037,
        "minelevsmo": 7037,
        "slope": 1e-05,
        "slopelenkm": 0.27589808,
        "elevfixed": null,
        "hwtype": null,
        "hwnodesqkm": null,
        "statusflag": "A",
        "qama": 8177.720998000001,
        "vama": -9998,
        "qincrama": 0.044347,
        "qbma": 8177.720998000001,
        "vbma": -9998,
        "qincrbma": 0.044347,
        "qcma": 8177.720998000001,
        "vcma": -9998,
        "qincrcma": 0.044347,
        "qdma": 8177.720998000001,
        "vdma": -9998,
        "qincrdma": 0.044347,
        "qema": 8177.720998000001,
        "vema": -9998,
        "qincrema": 0.044347,
        "qfma": 8177.720998000001,
        "qincrfma": 0.044347,
        "arqnavma": 0,
        "petma": 0,
        "qlossma": 0,
        "qgadjma": 0,
        "qgnavma": 0,
        "gageadjma": 0,
        "avgqadjma": 0,
        "gageidma": "0",
        "gageqma": 0,
        "Shape_Length": 360.26161012245575
      }
    },
    {
      "type": "Feature",
      "id": 18687591,
      "geometry": {
        "type": "LineString",
        "coordinates": [
          [
            -121.54432018761588,
            39.531729271990024
          ],
          [
            -121.54434212178018,
            39.531337271994936
          ],
          [
            -121.54426312213745,
            39.531131672055814
          ],
          [
            -121.54416458773058,
            39.530892872032176
          ],
          [
            -121.54415638790866,
            39.53085860485217
          ],
          [
            -121.54417952222215,
            39.53079007182711
          ],
          [
            -121.54427438790943,
            39.53055000477809
          ],
          [
            -121.54433392195826,
            39.530340672152285
          ],
          [
            -121.54436792229345,
            39.53023680481733
          ],
          [
            -121.54447538775086,
            39.52996320474664
          ],
          [
            -121.54452018763243,
            39.529861671799566
          ],
          [
            -121.54454052189718,
            39.52964820484337
          ],
          [
            -121.54455158824315,
            39.52957700516392
          ],
          [
            -121.5445685879616,
            39.52954407179714
          ],
          [
            -121.54459318832566,
            39.52951400480858
          ],
          [
            -121.54471778824882,
            39.52938007196185
          ]
        ]
      },
      "properties": {
        "OBJECTID": 18687591,
        "permanent_identifier": "129659160",
        "fdate": 1526515200000,
        "resolution": 2,
        "gnis_id": "00223423",
        "gnis_name": "Feather River",
        "lengthkm": 0.2742762,
        "reachcode": "18020159001759",
        "flowdir": 1,
        "wbarea_permanent_identifier": "129660017",
        "ftype": 558,
        "fcode": 55800,
        "mainpath": 0,
        "innetwork": 1,
        "visibilityfilter": 5000000,
        "nhdplusid": 50000900101923,
        "vpuid": "1802",
        "streamleve": 2,
        "streamorde": 9,
        "streamcalc": 9,
        "fromnode": 50000900055796,
        "tonode": 50000900121008,
        "hydroseq": 50000900004913,
        "levelpathi": 50000900002383,
        "pathlength": 236.71349850000001,
        "terminalpa": 50000900001300,
        "arbolatesu": 29853.21676464,
        "divergence": 0,
        "startflag": 0,
        "terminalfl": 0,
        "uplevelpat": 50000900002383,
        "uphydroseq": 50000900004915,
        "dnlevel": 2,
        "dnlevelpat": 50000900002383,
        "dnhydroseq": 50000900004910,
        "dnminorhyd": 50000900004909,
        "dndraincou": 2,
        "frommeas": 0,
        "tomeas": 100,
        "rtndiv": 0,
        "thinner": null,
        "vpuin": 0,
        "vpuout": 0,
        "areasqkm": 0.0806,
        "totdasqkm": 9039.09761553,
        "divdasqkm": 9039.09761553,
        "maxelevraw": -9998,
        "minelevraw": 6991,
        "maxelevsmo": 6996,
        "minelevsmo": 6991,
        "slope": 0.0001823,
        "slopelenkm": 0.2742762,
        "elevfixed": null,
        "hwtype": null,
        "hwnodesqkm": null,
        "statusflag": "A",
        "qama": 8198.525545999999,
        "vama": -9998,
        "qincrama": 0.027038,
        "qbma": 8198.525545999999,
        "vbma": -9998,
        "qincrbma": 0.027038,
        "qcma": 8198.525545999999,
        "vcma": -9998,
        "qincrcma": 0.027038,
        "qdma": 8198.525545999999,
        "vdma": -9998,
        "qincrdma": 0.027038,
        "qema": 8198.525545999999,
        "vema": -9998,
        "qincrema": 0.027038,
        "qfma": 8198.525545999999,
        "qincrfma": 0.027038,
        "arqnavma": 0,
        "petma": 0,
        "qlossma": 0,
        "qgadjma": 0,
        "qgnavma": 0,
        "gageadjma": 0,
        "avgqadjma": 0,
        "gageidma": "0",
        "gageqma": 0,
        "Shape_Length": 353.6374601329357
      }
    },
    {
      "type": "Feature",
      "id": 18780603,
      "geometry": {
        "type": "LineString",
        "coordinates": [
          [
            -121.62471061912277,
            39.294694040134594
          ],
          [
            -121.62410782171935,
            39.2943783641328
          ],
          [
            -121.62369855466582,
            39.29397861473724
          ],
          [
            -121.62322266226256,
            39.29329333090692
          ],
          [
            -121.62306085861191,
            39.292769847750954
          ],
          [
            -121.6230798948111,
            39.29244624234741
          ],
          [
            -121.623232179913,
            39.291922761201214
          ],
          [
            -121.62362241166569,
            39.29150397471788
          ],
          [
            -121.6240887864185,
            39.291142296974535
          ],
          [
            -121.62481214222461,
            39.29082820888655
          ],
          [
            -121.62567826638053,
            39.290694959074415
          ],
          [
            -121.62674426389052,
            39.290637852331734
          ],
          [
            -121.62799110214868,
            39.29059978068061
          ],
          [
            -121.62883819010541,
            39.29049508422839
          ],
          [
            -121.62954251061066,
            39.29031424472287
          ],
          [
            -121.63008820121314,
            39.29007788480775
          ],
          [
            -121.63062718768867,
            39.28963967228765
          ]
        ]
      },
      "properties": {
        "OBJECTID": 18780603,
        "permanent_identifier": "129659333",
        "fdate": 1539820800000,
        "resolution": 2,
        "gnis_id": "00223423",
        "gnis_name": "Feather River",
        "lengthkm": 1.07975864,
        "reachcode": "18020159002270",
        "flowdir": 1,
        "wbarea_permanent_identifier": "{67F17103-BA22-453F-9E2F-03DF71FD8FFD}",
        "ftype": 558,
        "fcode": 55800,
        "mainpath": 0,
        "innetwork": 1,
        "visibilityfilter": 5000000,
        "nhdplusid": 50000900249924,
        "vpuid": "1802",
        "streamleve": 2,
        "streamorde": 9,
        "streamcalc": 9,
        "fromnode": 50000900137063,
        "tonode": 50000900120821,
        "hydroseq": 50000900004809,
        "levelpathi": 50000900002383,
        "pathlength": 198.46419844,
        "terminalpa": 50000900001300,
        "arbolatesu": 30871.94866612,
        "divergence": 0,
        "startflag": 0,
        "terminalfl": 0,
        "uplevelpat": 50000900002383,
        "uphydroseq": 50000900004813,
        "dnlevel": 2,
        "dnlevelpat": 50000900002383,
        "dnhydroseq": 50000900004805,
        "dnminorhyd": 0,
        "dndraincou": 1,
        "frommeas": 0,
        "tomeas": 100,
        "rtndiv": 0,
        "thinner": null,
        "vpuin": 0,
        "vpuout": 0,
        "areasqkm": 3.8095000199999998,
        "totdasqkm": 9591.30751523,
        "divdasqkm": 9591.30751523,
        "maxelevraw": -9998,
        "minelevraw": 2176,
        "maxelevsmo": 2176,
        "minelevsmo": 2176,
        "slope": 1e-05,
        "slopelenkm": 1.07975864,
        "elevfixed": null,
        "hwtype": null,
        "hwnodesqkm": null,
        "statusflag": "A",
        "qama": 8435.073082,
        "vama": 1.32985493,
        "qincrama": 0.76005,
        "qbma": 8435.073082,
        "vbma": 1.32985493,
        "qincrbma": 0.76005,
        "qcma": 8435.073082,
        "vcma": 1.32985493,
        "qincrcma": 0.76005,
        "qdma": 8435.073082,
        "vdma": 1.32985493,
        "qincrdma": 0.76005,
        "qema": 8435.073082,
        "vema": 1.32985493,
        "qincrema": 0.76005,
        "qfma": 8435.073082,
        "qincrfma": 0.76005,
        "arqnavma": 0,
        "petma": 0,
        "qlossma": 0,
        "qgadjma": 0,
        "qgnavma": 0,
        "gageadjma": 0,
        "avgqadjma": 0,
        "gageidma": "0",
        "gageqma": 0,
        "Shape_Length": 1398.4709254008535
      }
    },
    {
      "type": "Feature",
      "id": 20023008,
      "geometry": {
        "type": "LineString",
        "coordinates": [
          [
            -121.47933092339585,
            39.53594427683639
          ],
          [
            -121.48045818870318,
            39.53494327170879
          ],
          [
            -121.48055738876171,
            39.534849872066175
          ],
          [
            -121.48090478884164,
            39.534652071865224
          ]
        ]
      },
      "properties": {
        "OBJECTID": 20023008,
        "permanent_identifier": "{A765B59D-B9C2-4984-8EF5-F6608F6FC2B5}",
        "fdate": 1532476800000,
        "resolution": 2,
        "gnis_id": "00223423",
        "gnis_name": "Feather River",
        "lengthkm": 0.19807855000000002,
        "reachcode": "18020123038527",
        "flowdir": 1,
        "wbarea_permanent_identifier": null,
        "ftype": 334,
        "fcode": 33400,
        "mainpath": 0,
        "innetwork": 1,
        "visibilityfilter": 5000000,
        "nhdplusid": 50000900339397,
        "vpuid": "1802",
        "streamleve": 2,
        "streamorde": 1,
        "streamcalc": 1,
        "fromnode": 50000900186365,
        "tonode": 50000900121135,
        "hydroseq": 50000900004958,
        "levelpathi": 50000900002383,
        "pathlength": 244.37293218,
        "terminalpa": 50000900001300,
        "arbolatesu": 29757.61572785,
        "divergence": 0,
        "startflag": 0,
        "terminalfl": 0,
        "uplevelpat": 50000900002383,
        "uphydroseq": 50000900004963,
        "dnlevel": 2,
        "dnlevelpat": 50000900002383,
        "dnhydroseq": 50000900004955,
        "dnminorhyd": 50000900004956,
        "dndraincou": 2,
        "frommeas": 0,
        "tomeas": 100,
        "rtndiv": 0,
        "thinner": null,
        "vpuin": 0,
        "vpuout": 0,
        "areasqkm": 0.11209996,
        "totdasqkm": 8994.83781555,
        "divdasqkm": 1.2628000499999998,
        "maxelevraw": -9998,
        "minelevraw": 26527,
        "maxelevsmo": 27304,
        "minelevsmo": 26527,
        "slope": 0.039226859999999995,
        "slopelenkm": 0.19807855000000002,
        "elevfixed": null,
        "hwtype": null,
        "hwnodesqkm": null,
        "statusflag": "A",
        "qama": 0.702749,
        "vama": 0.77931598,
        "qincrama": 0.059972000000000004,
        "qbma": 0.702749,
        "vbma": 0.77931598,
        "qincrbma": 0.059972000000000004,
        "qcma": 0.702749,
        "vcma": 0.77931598,
        "qincrcma": 0.059972000000000004,
        "qdma": 0.702749,
        "vdma": 0.77931598,
        "qincrdma": 0.059972000000000004,
        "qema": 0.702749,
        "vema": 0.77931598,
        "qincrema": 0.059972000000000004,
        "qfma": 0.702749,
        "qincrfma": 0.059972000000000004,
        "arqnavma": 0,
        "petma": 0,
        "qlossma": 0,
        "qgadjma": 0,
        "qgnavma": 0,
        "gageadjma": 0,
        "avgqadjma": 0,
        "gageidma": "0",
        "gageqma": 0,
        "Shape_Length": 256.86699522621007
      }
    },
    {
      "type": "Feature",
      "id": 20052858,
      "geometry": {
        "type": "LineString",
        "coordinates": [
          [
            -121.51136272191194,
            39.53937047166165
          ],
          [
            -121.51152052177137,
            39.5392384047563
          ],
          [
            -121.51189332171596,
            39.53896660465465
          ],
          [
            -121.51198898780214,
            39.53888807181867
          ],
          [
            -121.51207672176436,
            39.5388042717256
          ],
          [
            -121.51221412178201,
            39.538659604911466
          ],
          [
            -121.51230278819551,
            39.53857640518047
          ],
          [
            -121.51243858831363,
            39.53843087191799
          ],
          [
            -121.51253098812545,
            39.53835020471486
          ],
          [
            -121.51267938801375,
            39.53821200475739
          ],
          [
            -121.51276198810412,
            39.53812520479577
          ],
          [
            -121.51282678807715,
            39.53807807206353
          ]
        ]
      },
      "properties": {
        "OBJECTID": 20052858,
        "permanent_identifier": "129659170",
        "fdate": 1526515200000,
        "resolution": 2,
        "gnis_id": "00223423",
        "gnis_name": "Feather River",
        "lengthkm": 0.19159112,
        "reachcode": "18020159002628",
        "flowdir": 1,
        "wbarea_permanent_identifier": "129660017",
        "ftype": 558,
        "fcode": 55800,
        "mainpath": 0,
        "innetwork": 1,
        "visibilityfilter": 5000000,
        "nhdplusid": 50000900398790,
        "vpuid": "1802",
        "streamleve": 2,
        "streamorde": 9,
        "streamcalc": 9,
        "fromnode": 50000900219007,
        "tonode": 50000900121084,
        "hydroseq": 50000900004928,
        "levelpathi": 50000900002383,
        "pathlength": 241.22312320999998,
        "terminalpa": 50000900001300,
        "arbolatesu": 29813.12808216,
        "divergence": 0,
        "startflag": 0,
        "terminalfl": 0,
        "uplevelpat": 50000900002383,
        "uphydroseq": 50000900004931,
        "dnlevel": 2,
        "dnlevelpat": 50000900002383,
        "dnhydroseq": 50000900004926,
        "dnminorhyd": 0,
        "dndraincou": 1,
        "frommeas": 0,
        "tomeas": 100,
        "rtndiv": 0,
        "thinner": null,
        "vpuin": 0,
        "vpuout": 0,
        "areasqkm": 0.04729999,
        "totdasqkm": 9019.734815580001,
        "divdasqkm": 9019.734815580001,
        "maxelevraw": -9998,
        "minelevraw": 7010,
        "maxelevsmo": 7037,
        "minelevsmo": 7037,
        "slope": 1e-05,
        "slopelenkm": 0.19159112,
        "elevfixed": null,
        "hwtype": null,
        "hwnodesqkm": null,
        "statusflag": "A",
        "qama": 8190.024969,
        "vama": -9998,
        "qincrama": 0.018538000000000002,
        "qbma": 8190.024969,
        "vbma": -9998,
        "qincrbma": 0.018538000000000002,
        "qcma": 8190.024969,
        "vcma": -9998,
        "qincrcma": 0.018538000000000002,
        "qdma": 8190.024969,
        "vdma": -9998,
        "qincrdma": 0.018538000000000002,
        "qema": 8190.024969,
        "vema": -9998,
        "qincrema": 0.018538000000000002,
        "qfma": 8190.024969,
        "qincrfma": 0.018538000000000002,
        "arqnavma": 0,
        "petma": 0,
        "qlossma": 0,
        "qgadjma": 0,
        "qgnavma": 0,
        "gageadjma": 0,
        "avgqadjma": 0,
        "gageidma": "0",
        "gageqma": 0,
        "Shape_Length": 248.3381851212472
      }
    },
    {
      "type": "Feature",
      "id": 20372551,
      "geometry": {
        "type": "LineString",
        "coordinates": [
          [
            -121.62597458825341,
            39.34774567228578
          ],
          [
            -121.6262046728488,
            39.347053017815696
          ],
          [
            -121.62634075593627,
            39.34659894869356
          ],
          [
            -121.62637832168481,
            39.346473605753346
          ],
          [
            -121.62657012187942,
            39.34585427230891
          ],
          [
            -121.62661912228322,
            39.34579360579088
          ],
          [
            -121.62663752157687,
            39.34576067225815
          ],
          [
            -121.62666618771591,
            39.34565647167265
          ]
        ]
      },
      "properties": {
        "OBJECTID": 20372551,
        "permanent_identifier": "{9FC8E4A5-AFFE-4EB6-8368-B57483FD5E2F}",
        "fdate": 1539820800000,
        "resolution": 2,
        "gnis_id": "00223423",
        "gnis_name": "Feather River",
        "lengthkm": 0.24192918,
        "reachcode": "18020159002790",
        "flowdir": 1,
        "wbarea_permanent_identifier": "{67F17103-BA22-453F-9E2F-03DF71FD8FFD}",
        "ftype": 558,
        "fcode": 55800,
        "mainpath": 0,
        "innetwork": 1,
        "visibilityfilter": 5000000,
        "nhdplusid": 50000900101530,
        "vpuid": "1802",
        "streamleve": 2,
        "streamorde": 9,
        "streamcalc": 9,
        "fromnode": 50000900039274,
        "tonode": 50000900055610,
        "hydroseq": 50000900004854,
        "levelpathi": 50000900002383,
        "pathlength": 206.44286874,
        "terminalpa": 50000900001300,
        "arbolatesu": 29890.30846122,
        "divergence": 1,
        "startflag": 0,
        "terminalfl": 0,
        "uplevelpat": 50000900002383,
        "uphydroseq": 50000900004857,
        "dnlevel": 2,
        "dnlevelpat": 50000900002383,
        "dnhydroseq": 50000900004848,
        "dnminorhyd": 50000900004850,
        "dndraincou": 2,
        "frommeas": 73.65290833,
        "tomeas": 100,
        "rtndiv": 0,
        "thinner": null,
        "vpuin": 0,
        "vpuout": 0,
        "areasqkm": 0.22220001,
        "totdasqkm": 9074.463915490001,
        "divdasqkm": 9074.463915490001,
        "maxelevraw": -9998,
        "minelevraw": 2355,
        "maxelevsmo": 2358,
        "minelevsmo": 2358,
        "slope": 1e-05,
        "slopelenkm": 0.24192918,
        "elevfixed": null,
        "hwtype": null,
        "hwnodesqkm": null,
        "statusflag": "A",
        "qama": 8207.006029999999,
        "vama": 1.31922623,
        "qincrama": 0.043295,
        "qbma": 8207.006029999999,
        "vbma": 1.31922623,
        "qincrbma": 0.043295,
        "qcma": 8207.006029999999,
        "vcma": 1.31922623,
        "qincrcma": 0.043295,
        "qdma": 8207.006029999999,
        "vdma": 1.31922623,
        "qincrdma": 0.043295,
        "qema": 8207.006029999999,
        "vema": 1.31922623,
        "qincrema": 0.043295,
        "qfma": 8207.006029999999,
        "qincrfma": 0.043295,
        "arqnavma": 0,
        "petma": 0,
        "qlossma": 0,
        "qgadjma": 0,
        "qgnavma": 0,
        "gageadjma": 0,
        "avgqadjma": 0,
        "gageidma": "0",
        "gageqma": 0,
        "Shape_Length": 311.03097849961296
      }
    },
    {
      "type": "Feature",
      "id": 20474706,
      "geometry": {
        "type": "LineString",
        "coordinates": [
          [
            -121.62805478821073,
            39.339782206122244
          ],
          [
            -121.62813118812902,
            39.33969240590929
          ],
          [
            -121.62822018781748,
            39.3395668720297
          ],
          [
            -121.62827692181759,
            39.33951000594939
          ],
          [
            -121.62838272179847,
            39.33943967188862
          ],
          [
            -121.62851038767171,
            39.339335406298446
          ],
          [
            -121.62856992172053,
            39.33928027207217
          ],
          [
            -121.6286517878873,
            39.33919327180455
          ],
          [
            -121.62874292197291,
            39.339111871920885
          ],
          [
            -121.62888338794063,
            39.33901760628794
          ],
          [
            -121.62898092162429,
            39.33894047206083
          ],
          [
            -121.62918772188752,
            39.33874720605957
          ],
          [
            -121.62927072172819,
            39.33866080610321
          ],
          [
            -121.62941778761828,
            39.33852200582754
          ],
          [
            -121.6295749218261,
            39.33838967220599
          ],
          [
            -121.62964138817397,
            39.33833947219667
          ],
          [
            -121.6297485221531,
            39.33827020621271
          ],
          [
            -121.62985178798655,
            39.33819767194797
          ],
          [
            -121.6299621217647,
            39.338131471859754
          ],
          [
            -121.63009452175949,
            39.33803060593525
          ],
          [
            -121.6301837882476,
            39.33794800621003
          ],
          [
            -121.63026492228741,
            39.33786067218125
          ],
          [
            -121.6304883216205,
            39.33767780610914
          ],
          [
            -121.63058992197743,
            39.33760380594101
          ],
          [
            -121.63077212187663,
            39.337440871758545
          ],
          [
            -121.63088858755489,
            39.33732907175449
          ],
          [
            -121.63098098826502,
            39.33724847217386
          ],
          [
            -121.6311861221534,
            39.337053805673
          ],
          [
            -121.63133898756698,
            39.33691860606028
          ],
          [
            -121.63162178799821,
            39.33663420606248
          ],
          [
            -121.63164812211075,
            39.33660480607881
          ],
          [
            -121.63169292199231,
            39.336542206270934
          ],
          [
            -121.63193852228929,
            39.336238272043545
          ],
          [
            -121.6319585879578,
            39.33620640607375
          ],
          [
            -121.63198938759561,
            39.33613900627598
          ],
          [
            -121.63202498783033,
            39.336073005728586
          ],
          [
            -121.63209458840025,
            39.33598000608327
          ],
          [
            -121.63213538808381,
            39.33591580629623
          ],
          [
            -121.63222072174759,
            39.33574967211194
          ],
          [
            -121.63226298838003,
            39.335686005718244
          ],
          [
            -121.63231152165989,
            39.33562500590358
          ],
          [
            -121.63237792243072,
            39.33553080574354
          ],
          [
            -121.63241118794402,
            39.335464072302635
          ],
          [
            -121.63244972207644,
            39.33539900631998
          ],
          [
            -121.63251712177389,
            39.335305071964505
          ],
          [
            -121.63259138819339,
            39.335174071833755
          ],
          [
            -121.63263192197564,
            39.335109872001446
          ],
          [
            -121.63267938805693,
            39.3350484061652
          ],
          [
            -121.63272018774052,
            39.3349840721202
          ],
          [
            -121.63283092216729,
            39.334787471919796
          ],
          [
            -121.63286118820582,
            39.33472000613702
          ],
          [
            -121.6328745218996,
            39.33468007206034
          ]
        ]
      },
      "properties": {
        "OBJECTID": 20474706,
        "permanent_identifier": "129659437",
        "fdate": 1539820800000,
        "resolution": 2,
        "gnis_id": "00223423",
        "gnis_name": "Feather River",
        "lengthkm": 0.71227156,
        "reachcode": "18020159002818",
        "flowdir": 1,
        "wbarea_permanent_identifier": "{67F17103-BA22-453F-9E2F-03DF71FD8FFD}",
        "ftype": 558,
        "fcode": 55800,
        "mainpath": 0,
        "innetwork": 1,
        "visibilityfilter": 5000000,
        "nhdplusid": 50000900012902,
        "vpuid": "1802",
        "streamleve": 2,
        "streamorde": 9,
        "streamcalc": 9,
        "fromnode": 50000900006919,
        "tonode": 50000900104376,
        "hydroseq": 50000900004826,
        "levelpathi": 50000900002383,
        "pathlength": 205.05414434,
        "terminalpa": 50000900001300,
        "arbolatesu": 29894.030757959998,
        "divergence": 0,
        "startflag": 0,
        "terminalfl": 0,
        "uplevelpat": 50000900002383,
        "uphydroseq": 50000900004829,
        "dnlevel": 2,
        "dnlevelpat": 50000900002383,
        "dnhydroseq": 50000900004820,
        "dnminorhyd": 50000900004818,
        "dndraincou": 2,
        "frommeas": 0,
        "tomeas": 100,
        "rtndiv": 1,
        "thinner": null,
        "vpuin": 0,
        "vpuout": 0,
        "areasqkm": 0.9682999800000001,
        "totdasqkm": 9076.03091545,
        "divdasqkm": 9076.03091545,
        "maxelevraw": -9998,
        "minelevraw": 2352,
        "maxelevsmo": 2358,
        "minelevsmo": 2352,
        "slope": 8.424e-05,
        "slopelenkm": 0.71227156,
        "elevfixed": null,
        "hwtype": null,
        "hwnodesqkm": null,
        "statusflag": "A",
        "qama": 8207.310284,
        "vama": 1.72695759,
        "qincrama": 0.18666800000000003,
        "qbma": 8207.310284,
        "vbma": 1.72695759,
        "qincrbma": 0.18666800000000003,
        "qcma": 8207.310284,
        "vcma": 1.72695759,
        "qincrcma": 0.18666800000000003,
        "qdma": 8207.310284,
        "vdma": 1.72695759,
        "qincrdma": 0.18666800000000003,
        "qema": 8207.310284,
        "vema": 1.72695759,
        "qincrema": 0.18666800000000003,
        "qfma": 8207.310284,
        "qincrfma": 0.18666800000000003,
        "arqnavma": 0,
        "petma": 0,
        "qlossma": 0,
        "qgadjma": 0,
        "qgnavma": 0,
        "gageadjma": 0,
        "avgqadjma": 0,
        "gageidma": "0",
        "gageqma": 0,
        "Shape_Length": 919.5167975953614
      }
    },
    {
      "type": "Feature",
      "id": 20703577,
      "geometry": {
        "type": "LineString",
        "coordinates": [
          [
            -121.60472511987062,
            39.46202290734562
          ],
          [
            -121.6052383597318,
            39.4618030948086
          ],
          [
            -121.6061606726104,
            39.46162572583242
          ],
          [
            -121.60891472221857,
            39.46108340505433
          ],
          [
            -121.6098012489112,
            39.46086429905417
          ],
          [
            -121.61045559973046,
            39.46050737879322
          ],
          [
            -121.61102667133301,
            39.4601742548016
          ],
          [
            -121.61169292033819,
            39.45972215817998
          ],
          [
            -121.61218667394422,
            39.459125609722165
          ],
          [
            -121.61251532079429,
            39.458679656210805
          ],
          [
            -121.61275326834335,
            39.45831084029388
          ],
          [
            -121.61283059981461,
            39.458025304160245
          ],
          [
            -121.6128803880409,
            39.45778080478707
          ],
          [
            -121.61297952162408,
            39.45747127187237
          ],
          [
            -121.61313993019111,
            39.457091365987466
          ],
          [
            -121.61312803200518,
            39.45688316386556
          ],
          [
            -121.61324700488139,
            39.45668091007668
          ],
          [
            -121.61361582169603,
            39.45650839778331
          ],
          [
            -121.61407981591333,
            39.45637157896313
          ],
          [
            -121.61450217142055,
            39.456341836127905
          ],
          [
            -121.61493642331712,
            39.45643106598255
          ],
          [
            -121.61524932359855,
            39.45650004411635
          ],
          [
            -121.61600825807983,
            39.456416514327266
          ],
          [
            -121.61849278794993,
            39.456581871723124
          ],
          [
            -121.62036174457664,
            39.45662459230424
          ],
          [
            -121.62072678756876,
            39.45651380505511
          ],
          [
            -121.6210759222955,
            39.45642060515992
          ],
          [
            -121.62137200701315,
            39.45644686125296
          ],
          [
            -121.62181901319009,
            39.45651434675327
          ],
          [
            -121.62214023995591,
            39.456579783308676
          ],
          [
            -121.6224257757572,
            39.45670470312023
          ],
          [
            -121.62269941427084,
            39.4568593688023
          ],
          [
            -121.62300279600353,
            39.45700213697925
          ],
          [
            -121.62330617683791,
            39.45707351991754
          ],
          [
            -121.62363335314585,
            39.45713895525377
          ],
          [
            -121.6241806292748,
            39.45711516097148
          ],
          [
            -121.62467436581287,
            39.45707351991754
          ],
          [
            -121.62515025911442,
            39.45701998306747
          ],
          [
            -121.62559640829858,
            39.45690100998429
          ],
          [
            -121.62588789094701,
            39.456651165986514
          ],
          [
            -121.62651844898767,
            39.45645486119223
          ],
          [
            -121.62936190522112,
            39.4562288122673
          ],
          [
            -121.63030773958714,
            39.456103890214635
          ],
          [
            -121.63134576266087,
            39.45598869083538
          ],
          [
            -121.63175578789252,
            39.45596667177877
          ],
          [
            -121.63198972176892,
            39.455961471851204
          ],
          [
            -121.63208038783223,
            39.455943071997744
          ],
          [
            -121.63217238789373,
            39.455929005067915
          ],
          [
            -121.63254478808801,
            39.45589420499302
          ],
          [
            -121.63268538790471,
            39.45589080495689
          ],
          [
            -121.63334158835515,
            39.4558960721691
          ],
          [
            -121.63352472160392,
            39.455864471664334
          ],
          [
            -121.63370938827687,
            39.455839404879725
          ],
          [
            -121.63384552166997,
            39.45581227184391
          ],
          [
            -121.63397778781578,
            39.455776004740386
          ],
          [
            -121.63436892237532,
            39.45565500490053
          ],
          [
            -121.63446098801383,
            39.45564100519211
          ],
          [
            -121.63463252221567,
            39.45558360524834
          ],
          [
            -121.63485178840008,
            39.455520405328016
          ],
          [
            -121.63494132168782,
            39.45549920527164
          ],
          [
            -121.6349841883949,
            39.45548467214898
          ],
          [
            -121.63510872184273,
            39.4554348719219
          ],
          [
            -121.6353085880103,
            39.455341472210534
          ],
          [
            -121.63543158803394,
            39.45528940517063
          ],
          [
            -121.63572972180874,
            39.45518487214891
          ],
          [
            -121.63586012215369,
            39.45514460467394
          ],
          [
            -121.63615232165773,
            39.45506640503919
          ]
        ]
      },
      "properties": {
        "OBJECTID": 20703577,
        "permanent_identifier": "{DCC96315-23D0-412D-931B-56933835DBB3}",
        "fdate": 1539820800000,
        "resolution": 2,
        "gnis_id": "00223423",
        "gnis_name": "Feather River",
        "lengthkm": 3.06139239,
        "reachcode": "18020159001219",
        "flowdir": 1,
        "wbarea_permanent_identifier": "{67F17103-BA22-453F-9E2F-03DF71FD8FFD}",
        "ftype": 558,
        "fcode": 55800,
        "mainpath": 0,
        "innetwork": 1,
        "visibilityfilter": 0,
        "nhdplusid": 50000900427792,
        "vpuid": "1802",
        "streamleve": 2,
        "streamorde": 9,
        "streamcalc": 9,
        "fromnode": 50000900235054,
        "tonode": 50000900039277,
        "hydroseq": 50000900004884,
        "levelpathi": 50000900002383,
        "pathlength": 222.86978084999998,
        "terminalpa": 50000900001300,
        "arbolatesu": 29871.640695899998,
        "divergence": 0,
        "startflag": 0,
        "terminalfl": 0,
        "uplevelpat": 50000900002383,
        "uphydroseq": 50000900004889,
        "dnlevel": 2,
        "dnlevelpat": 50000900002383,
        "dnhydroseq": 50000900004882,
        "dnminorhyd": 50000900004881,
        "dndraincou": 2,
        "frommeas": 0,
        "tomeas": 34.53345108,
        "rtndiv": 0,
        "thinner": null,
        "vpuin": 0,
        "vpuout": 0,
        "areasqkm": 3.05740004,
        "totdasqkm": 9054.951115670001,
        "divdasqkm": 9054.951115670001,
        "maxelevraw": -9998,
        "minelevraw": 3158,
        "maxelevsmo": 3357,
        "minelevsmo": 3236,
        "slope": 0.00039524000000000004,
        "slopelenkm": 3.06139239,
        "elevfixed": null,
        "hwtype": null,
        "hwnodesqkm": null,
        "statusflag": "A",
        "qama": 8202.960699000001,
        "vama": 2.1215005500000004,
        "qincrama": 0.7472860000000001,
        "qbma": 8202.960699000001,
        "vbma": 2.1215005500000004,
        "qincrbma": 0.7472860000000001,
        "qcma": 8202.960699000001,
        "vcma": 2.1215005500000004,
        "qincrcma": 0.7472860000000001,
        "qdma": 8202.960699000001,
        "vdma": 2.1215005500000004,
        "qincrdma": 0.7472860000000001,
        "qema": 8202.960699000001,
        "vema": 2.1215005500000004,
        "qincrema": 0.7472860000000001,
        "qfma": 8202.960699000001,
        "qincrfma": 0.7472860000000001,
        "arqnavma": 0,
        "petma": 0,
        "qlossma": 0,
        "qgadjma": 0,
        "qgnavma": 0,
        "gageadjma": 0,
        "avgqadjma": 0,
        "gageidma": "0",
        "gageqma": 0,
        "Shape_Length": 3985.9736680515016
      }
    },
    {
      "type": "Feature",
      "id": 21232582,
      "geometry": {
        "type": "LineString",
        "coordinates": [
          [
            -121.63615318763367,
            39.247495472335
          ],
          [
            -121.63614818761079,
            39.24746000619064
          ],
          [
            -121.63615258755905,
            39.247353206245464
          ],
          [
            -121.63616792180095,
            39.24714007197083
          ],
          [
            -121.6361845217691,
            39.24699820587119
          ],
          [
            -121.63619672178898,
            39.24682040621552
          ],
          [
            -121.63621092235698,
            39.24667827232747
          ],
          [
            -121.6362177881807,
            39.246428805992295
          ],
          [
            -121.63621652155615,
            39.2455012719791
          ],
          [
            -121.63621538788226,
            39.24546567194877
          ],
          [
            -121.6362053878365,
            39.245394871858245
          ],
          [
            -121.63615098765953,
            39.245149006059414
          ],
          [
            -121.63612052219499,
            39.245044871987965
          ],
          [
            -121.63608852240796,
            39.24497807173948
          ],
          [
            -121.63607412241394,
            39.24490787224092
          ],
          [
            -121.63605618844763,
            39.24487520567462
          ],
          [
            -121.63600532224295,
            39.24473800593004
          ],
          [
            -121.63589438839021,
            39.244466606205485
          ],
          [
            -121.63581098790091,
            39.244226871888635
          ],
          [
            -121.63579552160664,
            39.24419320597084
          ],
          [
            -121.63569998757285,
            39.24384647202734
          ],
          [
            -121.63567138790913,
            39.24370620566276
          ],
          [
            -121.6355711880257,
            39.24335947209477
          ],
          [
            -121.63553212209064,
            39.243184672188036
          ],
          [
            -121.6354583883721,
            39.24294300565304
          ],
          [
            -121.63543398833238,
            39.2428378720357
          ],
          [
            -121.63543078763502,
            39.242802272045004
          ],
          [
            -121.63539772244603,
            39.242626806335366
          ],
          [
            -121.63537798825587,
            39.24248520591744
          ],
          [
            -121.63536132181241,
            39.24227180569292
          ],
          [
            -121.63534112229493,
            39.24209420625258
          ],
          [
            -121.63534392234365,
            39.24191640599264
          ],
          [
            -121.63534118787194,
            39.24188080623003
          ],
          [
            -121.63532918817639,
            39.2418100720939
          ],
          [
            -121.63531078798442,
            39.24174007188231
          ],
          [
            -121.63530232226117,
            39.24159780594597
          ],
          [
            -121.63529552201447,
            39.24152660607924
          ],
          [
            -121.6352885879188,
            39.24149180621194
          ],
          [
            -121.63524218813772,
            39.241429805925634
          ],
          [
            -121.63522292196986,
            39.241397406292904
          ],
          [
            -121.63517292174112,
            39.24129727199864
          ],
          [
            -121.63513218763457,
            39.2411950058261
          ],
          [
            -121.63502998810132,
            39.24099567228448
          ],
          [
            -121.63487252241515,
            39.24066007179165
          ],
          [
            -121.63477692190601,
            39.24049747197016
          ],
          [
            -121.63471238783431,
            39.24040247167752
          ],
          [
            -121.63461572192321,
            39.24028040607914
          ],
          [
            -121.63452718756207,
            39.24015480587677
          ],
          [
            -121.63444472221899,
            39.24006827166899
          ],
          [
            -121.63418898802729,
            39.2398132721817
          ],
          [
            -121.63403352199096,
            39.23968007214974
          ],
          [
            -121.63394358805459,
            39.239598006171114
          ],
          [
            -121.63365272165044,
            39.239366005917155
          ],
          [
            -121.63336472177036,
            39.23918407221333
          ],
          [
            -121.63295478816686,
            39.238947271945094
          ],
          [
            -121.63232738770444,
            39.238636272131416
          ],
          [
            -121.63217458786787,
            39.23855407204118
          ],
          [
            -121.63162998782012,
            39.23827727221397
          ],
          [
            -121.63105318766102,
            39.237973606304486
          ],
          [
            -121.6309725881188,
            39.23793740618013
          ],
          [
            -121.6309303879617,
            39.237921871757536
          ],
          [
            -121.63080012236402,
            39.237882672146654
          ],
          [
            -121.63071798760096,
            39.23784867199787
          ],
          [
            -121.6306493877543,
            39.237813006160096
          ],
          [
            -121.63056478801411,
            39.2377826719894
          ],
          [
            -121.63036332194702,
            39.23769247231806
          ],
          [
            -121.6302349877272,
            39.23764967196291
          ],
          [
            -121.63015472235826,
            39.23761320588667
          ],
          [
            -121.62985558786022,
            39.2374420723018
          ],
          [
            -121.62964458797302,
            39.237301205897026
          ],
          [
            -121.62960718841279,
            39.23727980595126
          ],
          [
            -121.62948678811358,
            39.23722500600187
          ],
          [
            -121.62927778787622,
            39.237145206077706
          ],
          [
            -121.62919792225757,
            39.23710820607859
          ],
          [
            -121.62904852164603,
            39.23702227204768
          ],
          [
            -121.62901318821096,
            39.23699900594105
          ],
          [
            -121.62891418757845,
            39.23692320579027
          ],
          [
            -121.62873292192717,
            39.23681067188498
          ],
          [
            -121.62866618788132,
            39.23676060565687
          ],
          [
            -121.62837792209992,
            39.23652680577162
          ],
          [
            -121.62828778783926,
            39.23644480568265
          ],
          [
            -121.62813132197802,
            39.236312405669324
          ],
          [
            -121.62786752181336,
            39.23606220598467
          ],
          [
            -121.62781232213578,
            39.23600467203075
          ],
          [
            -121.62775872235774,
            39.23594627177342
          ],
          [
            -121.62761072221973,
            39.235764405738145
          ],
          [
            -121.62748338782484,
            39.23557400604106
          ],
          [
            -121.62738232196546,
            39.2353746718353
          ],
          [
            -121.62728152200745,
            39.23513720605231
          ],
          [
            -121.6272293218046,
            39.23496360608666
          ],
          [
            -121.62722338843216,
            39.23489240574893
          ],
          [
            -121.62723958775169,
            39.23450060603544
          ],
          [
            -121.62732252201532,
            39.23393387193485
          ],
          [
            -121.62733612161041,
            39.2338632717309
          ],
          [
            -121.62739292208583,
            39.233653672238624
          ],
          [
            -121.62745212196137,
            39.23348120625608
          ],
          [
            -121.62769998780949,
            39.23305840629436
          ],
          [
            -121.62809712221683,
            39.23221987179064
          ],
          [
            -121.62815118822053,
            39.23212140620865
          ],
          [
            -121.6282151222176,
            39.23198740598394
          ],
          [
            -121.62826798807207,
            39.231888205976816
          ],
          [
            -121.6283047219807,
            39.231822606029716
          ],
          [
            -121.62834658796447,
            39.23175887223648
          ],
          [
            -121.62836338825693,
            39.23172560600406
          ],
          [
            -121.62839878816735,
            39.23162200588742
          ],
          [
            -121.62842898773054,
            39.231517606106834
          ],
          [
            -121.62846758833832,
            39.23134160630095
          ],
          [
            -121.62847438768671,
            39.231270405767
          ],
          [
            -121.62848552230466,
            39.230985271690194
          ],
          [
            -121.62846852168789,
            39.230771672266165
          ],
          [
            -121.6284307879544,
            39.23055967193175
          ],
          [
            -121.62841638796039,
            39.23034600580295
          ],
          [
            -121.62842018783404,
            39.23016780627465
          ],
          [
            -121.6283837216234,
            39.22981227219249
          ],
          [
            -121.62837698785202,
            39.22966967171914
          ],
          [
            -121.62836772172986,
            39.22959880628073
          ],
          [
            -121.628355387861,
            39.22956440617822
          ],
          [
            -121.62832172169912,
            39.22949780620689
          ],
          [
            -121.62816398831501,
            39.229321072080516
          ],
          [
            -121.62813958827525,
            39.22929067230742
          ],
          [
            -121.6280795880008,
            39.22919400627167
          ],
          [
            -121.628052187588,
            39.229165206215036
          ],
          [
            -121.6279685220957,
            39.22907927219797
          ],
          [
            -121.62784712197157,
            39.22897100593065
          ],
          [
            -121.62770478840638,
            39.228829471891025
          ],
          [
            -121.6274603882586,
            39.22863380589092
          ],
          [
            -121.62731312204417,
            39.22854600631431
          ],
          [
            -121.62719632219263,
            39.228486871977324
          ],
          [
            -121.62708478826528,
            39.228422005769296
          ],
          [
            -121.62690378761697,
            39.22830920632679
          ],
          [
            -121.6268265881981,
            39.2282690062596
          ],
          [
            -121.62674598775753,
            39.22823287210644
          ],
          [
            -121.62657112170434,
            39.22818320614293
          ],
          [
            -121.62628618777431,
            39.22806067184318
          ],
          [
            -121.62607738786126,
            39.22798067222047
          ],
          [
            -121.62594972198802,
            39.227936271708515
          ],
          [
            -121.62586838762391,
            39.22790120623721
          ],
          [
            -121.62582972233741,
            39.2278810719921
          ],
          [
            -121.62569478819522,
            39.2278524718068
          ],
          [
            -121.62555598770405,
            39.22783707223747
          ],
          [
            -121.62551038832191,
            39.22782920613892
          ],
          [
            -121.62515712224317,
            39.22773567228669
          ],
          [
            -121.62442298755197,
            39.22762600594247
          ],
          [
            -121.6243765877709,
            39.22762187177487
          ],
          [
            -121.62372458784272,
            39.22766540612722
          ],
          [
            -121.62363378793044,
            39.22768227193254
          ],
          [
            -121.62331932188545,
            39.22775147200315
          ],
          [
            -121.62323078842265,
            39.22777440576717
          ],
          [
            -121.6228069884244,
            39.2279248058977
          ],
          [
            -121.6227199883858,
            39.2279508062929
          ],
          [
            -121.622468587667,
            39.22804527231954
          ],
          [
            -121.62233918804526,
            39.228086471778596
          ],
          [
            -121.62216292241685,
            39.22813420608768
          ],
          [
            -121.62198938766689,
            39.22818720597551
          ],
          [
            -121.62157232233835,
            39.22834807170486
          ],
          [
            -121.62148458837613,
            39.22837280616802
          ],
          [
            -121.62143938784598,
            39.22838227199499
          ],
          [
            -121.62127538781444,
            39.2284506057225
          ],
          [
            -121.62119358812298,
            39.22848520608342
          ],
          [
            -121.62115792231128,
            39.22850747227612
          ],
          [
            -121.62106712239897,
            39.22858927218687
          ],
          [
            -121.6210337877154,
            39.22861440598916
          ],
          [
            -121.62074718830885,
            39.22879760572999
          ],
          [
            -121.62067032216494,
            39.2288380059017
          ],
          [
            -121.62043612238722,
            39.22895567201738
          ],
          [
            -121.62023412182255,
            39.22904527195829
          ],
          [
            -121.62019638808901,
            39.22906620610426
          ],
          [
            -121.62002958800876,
            39.22913067229565
          ],
          [
            -121.61990252221014,
            39.22917540606249
          ],
          [
            -121.61982138817028,
            39.22921080629919
          ],
          [
            -121.61950878792616,
            39.22928440614064
          ],
          [
            -121.61924838788485,
            39.22936380584327
          ],
          [
            -121.61897738772322,
            39.22941847206602
          ],
          [
            -121.61884098842877,
            39.229442872142705
          ],
          [
            -121.61874832181735,
            39.22945240601891
          ],
          [
            -121.6185619878712,
            39.22946407198567
          ],
          [
            -121.61786258833708,
            39.22949947207677
          ],
          [
            -121.61758218820431,
            39.22950167166512
          ],
          [
            -121.61734852202585,
            39.229497872312876
          ],
          [
            -121.61688392234404,
            39.22945940629503
          ],
          [
            -121.6167463220021,
            39.22943907209136
          ],
          [
            -121.61646798799447,
            39.229412471726455
          ],
          [
            -121.61637638768326,
            39.22939940569483
          ],
          [
            -121.61614938790254,
            39.229357205673345
          ],
          [
            -121.61582478796285,
            39.22932540585808
          ],
          [
            -121.6157335218249,
            39.22931007202224
          ],
          [
            -121.6155981879324,
            39.2292816721294
          ],
          [
            -121.61555798832346,
            39.229264472002534
          ],
          [
            -121.61536538772991,
            39.22916347214339
          ],
          [
            -121.61520658804554,
            39.22908820629558
          ],
          [
            -121.61500132210482,
            39.22900320602431
          ],
          [
            -121.61496158782316,
            39.22898420634252
          ],
          [
            -121.61492312196272,
            39.22896400630168
          ],
          [
            -121.61474478841251,
            39.22884880632262
          ],
          [
            -121.61459692212345,
            39.228762006269015
          ],
          [
            -121.61453432212457,
            39.22866640625897
          ],
          [
            -121.61451658758423,
            39.22863327216579
          ],
          [
            -121.61449052206795,
            39.22856480570665
          ],
          [
            -121.61448158832246,
            39.22852980596035
          ],
          [
            -121.61447752164916,
            39.228494205667715
          ],
          [
            -121.61447758812449,
            39.22845860605284
          ],
          [
            -121.6144867221943,
            39.22838747218007
          ],
          [
            -121.6144921884428,
            39.22835207222387
          ],
          [
            -121.61450352158843,
            39.22831747179732
          ],
          [
            -121.61451578808365,
            39.22828300565553
          ],
          [
            -121.61453312197537,
            39.22824987207721
          ],
          [
            -121.61464692235216,
            39.22809427174101
          ],
          [
            -121.61472932211825,
            39.22800760575242
          ],
          [
            -121.61473952158998,
            39.22797500577422
          ],
          [
            -121.61474212221275,
            39.227832272136034
          ],
          [
            -121.61477238825128,
            39.22758380624643
          ],
          [
            -121.61477698762553,
            39.22747680624696
          ],
          [
            -121.61480552171221,
            39.22729987218634
          ],
          [
            -121.61482038793186,
            39.22715760619505
          ],
          [
            -121.6148595221389,
            39.22700767204964
          ],
          [
            -121.61498918766196,
            39.22670227194543
          ],
          [
            -121.6150413222878,
            39.22660327183972
          ],
          [
            -121.61507158832634,
            39.22653580616533
          ],
          [
            -121.61510498768858,
            39.22643187201819
          ],
          [
            -121.61511472183302,
            39.22636087178844
          ],
          [
            -121.6151921215762,
            39.22611820576753
          ],
          [
            -121.61520592239393,
            39.22608407187499
          ],
          [
            -121.61529058771113,
            39.22591787184949
          ],
          [
            -121.61538592231899,
            39.225755072240965
          ],
          [
            -121.61543532157476,
            39.22565500608723
          ],
          [
            -121.61545518781729,
            39.225622672238174
          ],
          [
            -121.61552332233664,
            39.22552907211918
          ],
          [
            -121.61557598786679,
            39.22543000633653
          ],
          [
            -121.61564032161418,
            39.22533487221162
          ],
          [
            -121.61569192174241,
            39.22523540601557
          ],
          [
            -121.61577538780872,
            39.22510780601651
          ],
          [
            -121.61584298783048,
            39.22501420590676
          ],
          [
            -121.61589652203153,
            39.22491527231381
          ],
          [
            -121.61597632207315,
            39.22478640589283
          ],
          [
            -121.61623192241589,
            39.224326672068884
          ],
          [
            -121.61631698838173,
            39.22416060567117
          ],
          [
            -121.61646658841924,
            39.22389900614265
          ],
          [
            -121.61659152161738,
            39.22366840634352
          ],
          [
            -121.61674038773133,
            39.2233680718734
          ],
          [
            -121.61686438757988,
            39.22313700615464
          ],
          [
            -121.616913722157,
            39.223076606260946
          ],
          [
            -121.61695452184055,
            39.223012405916
          ],
          [
            -121.61707258831666,
            39.22277960618888
          ],
          [
            -121.61714198766394,
            39.222609272226926
          ],
          [
            -121.6171883883433,
            39.22250847226269
          ],
          [
            -121.61721198798413,
            39.22243940620718
          ],
          [
            -121.61730398804563,
            39.22212620578256
          ],
          [
            -121.6174435215621,
            39.22156560589383
          ],
          [
            -121.61754118819641,
            39.22129027219177
          ],
          [
            -121.61758798772776,
            39.22104320633206
          ],
          [
            -121.61761618764118,
            39.220722871870215
          ],
          [
            -121.61763398775852,
            39.220616871916505
          ],
          [
            -121.61762738783612,
            39.22022460625153
          ],
          [
            -121.61756592240944,
            39.21972747218904
          ],
          [
            -121.61751938788112,
            39.2195526718651
          ],
          [
            -121.61748252192015,
            39.21937660586442
          ],
          [
            -121.61746992214998,
            39.219342406057734
          ],
          [
            -121.61744972173419,
            39.21931020570763
          ],
          [
            -121.61741732219683,
            39.219243271691504
          ],
          [
            -121.61738038796392,
            39.21914000599787
          ],
          [
            -121.61733578840669,
            39.21896487223996
          ],
          [
            -121.61732292183689,
            39.21893060611682
          ],
          [
            -121.61728252190363,
            39.218866271835985
          ],
          [
            -121.61724938844267,
            39.21879947171651
          ],
          [
            -121.61722518782891,
            39.21873060592772
          ],
          [
            -121.61720592166101,
            39.21866080609371
          ],
          [
            -121.61715052165913,
            39.21856260613587
          ],
          [
            -121.61712132192083,
            39.218494806327264
          ],
          [
            -121.61708692183532,
            39.21842840603242
          ],
          [
            -121.61702492191105,
            39.21833247180441
          ],
          [
            -121.61695778811493,
            39.21823847222443
          ],
          [
            -121.61684292233618,
            39.218043272226744
          ],
          [
            -121.61679578773321,
            39.21798160616344
          ],
          [
            -121.61675438797505,
            39.21791767188994
          ],
          [
            -121.61673552155744,
            39.21788507209714
          ],
          [
            -121.61670672156943,
            39.217817272330144
          ],
          [
            -121.61662132232863,
            39.21769040631713
          ],
          [
            -121.61649852173097,
            39.21745887231188
          ],
          [
            -121.6163635875888,
            39.21727127226339
          ],
          [
            -121.61630198831314,
            39.21717507198401
          ],
          [
            -121.6162503881849,
            39.21711567194823
          ],
          [
            -121.61502671208802,
            39.216032737876425
          ],
          [
            -121.61382028274627,
            39.21464347706386
          ],
          [
            -121.61378221214453,
            39.21364410327858
          ],
          [
            -121.61413441461798,
            39.213058411135734
          ],
          [
            -121.61543978799837,
            39.21188260634526
          ],
          [
            -121.61657336217394,
            39.211363044841285
          ],
          [
            -121.61788206560908,
            39.211244072013805
          ],
          [
            -121.61972614878388,
            39.21121432912348
          ],
          [
            -121.62136202762868,
            39.211571249240386
          ],
          [
            -121.62264098784476,
            39.211690220817516
          ],
          [
            -121.62377123196555,
            39.211244072013805
          ],
          [
            -121.62460404389577,
            39.21044100468059
          ],
          [
            -121.62446123332518,
            39.209779857972364
          ],
          [
            -121.62409003687334,
            39.20892325277382
          ],
          [
            -121.6235855906205,
            39.20828555673918
          ],
          [
            -121.6228146456639,
            39.20792387901769
          ],
          [
            -121.62195804005671,
            39.20782870098317
          ],
          [
            -121.62077782804658,
            39.20795243233329
          ],
          [
            -121.61964520428856,
            39.20833314581106
          ],
          [
            -121.61855664379358,
            39.20802109221729
          ],
          [
            -121.61858638611432,
            39.20715853780455
          ],
          [
            -121.61974990023998,
            39.20642957797081
          ],
          [
            -121.62072072124565,
            39.206134524030034
          ],
          [
            -121.62169153955635,
            39.20582043505492
          ],
          [
            -121.62261477230982,
            39.20575380977152
          ],
          [
            -121.62391994895917,
            39.20583079909053
          ],
          [
            -121.62632915329604,
            39.20606874409091
          ],
          [
            -121.62725119398515,
            39.20609848776838
          ],
          [
            -121.62817323467424,
            39.20568208209877
          ],
          [
            -121.62855989831858,
            39.205295420066314
          ],
          [
            -121.62850041098216,
            39.2042246623051
          ],
          [
            -121.62769734227098,
            39.203243134752526
          ],
          [
            -121.62632915329604,
            39.20151802606708
          ],
          [
            -121.62437798824442,
            39.19932667179514
          ],
          [
            -121.62428018776114,
            39.19924987166206
          ],
          [
            -121.62425552182006,
            39.199220205838245
          ],
          [
            -121.62423572205287,
            39.199187872345476
          ],
          [
            -121.62420752213949,
            39.19911987213382
          ],
          [
            -121.6242003877195,
            39.19908460569998
          ],
          [
            -121.62420252211662,
            39.19897767225653
          ],
          [
            -121.62419418844571,
            39.198942806040435
          ],
          [
            -121.62414192176755,
            39.198805872227425
          ],
          [
            -121.62411958785293,
            39.19873660603261
          ],
          [
            -121.624057788253,
            39.19860267226016
          ],
          [
            -121.62400792187324,
            39.1984654718512
          ],
          [
            -121.62397532201157,
            39.19839867181693
          ],
          [
            -121.62392852158189,
            39.19833740619895
          ],
          [
            -121.62391318823832,
            39.198303672319504
          ],
          [
            -121.62384772171538,
            39.198209072290766
          ],
          [
            -121.62383052167262,
            39.19817600596959
          ],
          [
            -121.62381818780376,
            39.198105272337834
          ],
          [
            -121.62380052243371,
            39.19803527169546
          ],
          [
            -121.62372578799194,
            39.19782907180872
          ],
          [
            -121.62369518778011,
            39.197761671769825
          ],
          [
            -121.62367078774037,
            39.19769287167383
          ],
          [
            -121.62366212169282,
            39.197658006212414
          ],
          [
            -121.62360818774148,
            39.19741160627827
          ],
          [
            -121.62359258759827,
            39.19730540614129
          ],
          [
            -121.62359312209584,
            39.197198605743324
          ],
          [
            -121.6235979217944,
            39.197091672213894
          ],
          [
            -121.62361038771562,
            39.196949271910164
          ],
          [
            -121.62364158800206,
            39.196808471826714
          ],
          [
            -121.62366678844072,
            39.19673980585559
          ],
          [
            -121.6237091224468,
            39.19660100616838
          ],
          [
            -121.6236871218072,
            39.196245606319366
          ],
          [
            -121.62363638765487,
            39.19603520597684
          ],
          [
            -121.62361118811454,
            39.195966672221196
          ],
          [
            -121.62353358804702,
            39.19583727229939
          ],
          [
            -121.62348412231592,
            39.195776672090524
          ],
          [
            -121.62346598802527,
            39.19574380582253
          ],
          [
            -121.62343952186038,
            39.1957144719918
          ],
          [
            -121.62337472188734,
            39.19566320615895
          ],
          [
            -121.6233061876177,
            39.195615006300415
          ],
          [
            -121.62319858831128,
            39.19554620619087
          ],
          [
            -121.62315952237623,
            39.19552740631116
          ],
          [
            -121.62311332202114,
            39.19552060593864
          ],
          [
            -121.62298638827485,
            39.195475405862105
          ],
          [
            -121.62276732241473,
            39.19541420592158
          ],
          [
            -121.62272758813309,
            39.19539547214458
          ],
          [
            -121.62261872220212,
            39.19532820622454
          ],
          [
            -121.62251338844685,
            39.195257805986174
          ],
          [
            -121.62223918758784,
            39.19506380570005
          ],
          [
            -121.62212872175735,
            39.19499807178559
          ],
          [
            -121.62179918827009,
            39.194866472191265
          ],
          [
            -121.62175598828809,
            39.19485287201391
          ],
          [
            -121.6216731878734,
            39.194820006009955
          ],
          [
            -121.62134798785908,
            39.19468180613322
          ],
          [
            -121.62093018770865,
            39.19452660620657
          ],
          [
            -121.62046378780303,
            39.19436447178222
          ],
          [
            -121.62038532175958,
            39.19432587233734
          ],
          [
            -121.62004192187761,
            39.194214872098364
          ],
          [
            -121.6198299221655,
            39.194140471757244
          ],
          [
            -121.61974192230197,
            39.19411660593014
          ],
          [
            -121.61970018837049,
            39.194100605796166
          ],
          [
            -121.61961918817961,
            39.19406520595665
          ],
          [
            -121.61958052199486,
            39.1940450717548
          ],
          [
            -121.61943872202895,
            39.1939522719463
          ],
          [
            -121.6193619879374,
            39.193911672078606
          ],
          [
            -121.61927852187107,
            39.193880072031554
          ],
          [
            -121.61905992223657,
            39.193817206073625
          ],
          [
            -121.61902018795492,
            39.19379880604964
          ],
          [
            -121.61894732200895,
            39.193754406199034
          ],
          [
            -121.61886658771944,
            39.193718406054934
          ],
          [
            -121.61877972242809,
            39.19369240621015
          ],
          [
            -121.61860018783035,
            39.19366307221921
          ],
          [
            -121.6185113219909,
            39.19364147168916
          ],
          [
            -121.61842592185177,
            39.1936136059791
          ],
          [
            -121.61833772166389,
            39.19359027187598
          ],
          [
            -121.61797252236492,
            39.19352967181775
          ],
          [
            -121.61778752241699,
            39.19351100576679
          ],
          [
            -121.61760318812068,
            39.19348827176175
          ],
          [
            -121.61742412244352,
            39.19344987234381
          ],
          [
            -121.61737738759086,
            39.19344860593892
          ],
          [
            -121.61728452155343,
            39.1934404059842
          ],
          [
            -121.61719258796727,
            39.19342820630455
          ],
          [
            -121.61705352157475,
            39.19341520598154
          ],
          [
            -121.61664218839603,
            39.1933484060191
          ],
          [
            -121.61646112217075,
            39.19331320630935
          ],
          [
            -121.61637198773501,
            39.19329167181183
          ],
          [
            -121.61602652172786,
            39.19318320623955
          ],
          [
            -121.61580678841948,
            39.1931226719705
          ],
          [
            -121.61558118821398,
            39.19307687230437
          ],
          [
            -121.615223388338,
            39.19299547172049
          ],
          [
            -121.6149509877028,
            39.192944806129276
          ],
          [
            -121.61490832221838,
            39.1929306722796
          ],
          [
            -121.61471238797682,
            39.192833605983466
          ],
          [
            -121.61456058796516,
            39.19275047223538
          ],
          [
            -121.61434212217965,
            39.19261700604944
          ],
          [
            -121.61424372162175,
            39.19254087182513
          ],
          [
            -121.6141873882703,
            39.1924838717064
          ],
          [
            -121.6140491222767,
            39.192340071712024
          ],
          [
            -121.61399852197337,
            39.192280205784954
          ],
          [
            -121.61391618778433,
            39.192193606286274
          ],
          [
            -121.61386758802914,
            39.192133805679305
          ],
          [
            -121.61376412187134,
            39.1919744060716
          ],
          [
            -121.61366338838864,
            39.191774606209
          ],
          [
            -121.61365172196803,
            39.191740071999455
          ],
          [
            -121.61360312221288,
            39.191529472968796
          ],
          [
            -121.613562187782,
            39.19139047291838
          ],
          [
            -121.61355712218209,
            39.191319272943296
          ],
          [
            -121.61352692172056,
            39.19117867323247
          ],
          [
            -121.61351312180116,
            39.19107227290676
          ],
          [
            -121.61351272205086,
            39.190823073290716
          ],
          [
            -121.6134875216122,
            39.1906460057828
          ],
          [
            -121.61348158823976,
            39.190539205706095
          ],
          [
            -121.61346178757428,
            39.19043340596293
          ],
          [
            -121.61343152243401,
            39.190365805971275
          ],
          [
            -121.61342778813739,
            39.190330406339015
          ],
          [
            -121.61346978797017,
            39.1898326728384
          ],
          [
            -121.61347878819099,
            39.189761873018895
          ],
          [
            -121.613489988386,
            39.189727273069394
          ],
          [
            -121.6135139877771,
            39.18962187314232
          ],
          [
            -121.613518788374,
            39.18947947301754
          ],
          [
            -121.61355132176031,
            39.18916007306609
          ],
          [
            -121.61356138828138,
            39.18908927326531
          ],
          [
            -121.6136141220835,
            39.18895247272825
          ],
          [
            -121.61365832189045,
            39.18885140582631
          ],
          [
            -121.6136745876853,
            39.18878127272747
          ],
          [
            -121.61370798794587,
            39.18871460621877
          ],
          [
            -121.61377232169325,
            39.18861960616057
          ],
          [
            -121.61380792192796,
            39.188553873180396
          ],
          [
            -121.6138593217319,
            39.18841680632641
          ],
          [
            -121.61388058844793,
            39.188311073014056
          ],
          [
            -121.61391892225606,
            39.18820827289166
          ],
          [
            -121.61399658790056,
            39.18804027319146
          ],
          [
            -121.61407432181704,
            39.18791060592903
          ],
          [
            -121.6140919216101,
            39.18784060627048
          ],
          [
            -121.6141047881799,
            39.187806272740964
          ],
          [
            -121.61412312189653,
            39.1877734062263
          ],
          [
            -121.61414512163783,
            39.187704205744815
          ],
          [
            -121.61421052168546,
            39.187571005696796
          ],
          [
            -121.61425452206639,
            39.18746947309332
          ],
          [
            -121.61429318825117,
            39.18736667313243
          ],
          [
            -121.61440298843006,
            39.187170005924685
          ],
          [
            -121.61450838776234,
            39.18697187320712
          ],
          [
            -121.61462418778896,
            39.18681720630963
          ],
          [
            -121.61478658792096,
            39.18664307326348
          ],
          [
            -121.61500438805487,
            39.18636847298694
          ],
          [
            -121.61511778778309,
            39.1862552063181
          ],
          [
            -121.61529192170934,
            39.186043872983326
          ],
          [
            -121.61540038788999,
            39.18592767304371
          ],
          [
            -121.61547358800925,
            39.18583647302244
          ],
          [
            -121.61561018762798,
            39.18569187331874
          ],
          [
            -121.61566818825258,
            39.18563600607377
          ],
          [
            -121.6158513879767,
            39.18547400571274
          ],
          [
            -121.61603098815146,
            39.185309606259196
          ],
          [
            -121.61608472177849,
            39.185251206301466
          ],
          [
            -121.61617212156743,
            39.18516760612018
          ],
          [
            -121.61646072242044,
            39.184928806300604
          ],
          [
            -121.6167865880864,
            39.18462540606704
          ],
          [
            -121.6173379219055,
            39.184094005655226
          ],
          [
            -121.61738698788632,
            39.18403327276992
          ],
          [
            -121.6174435215621,
            39.18397640570783
          ],
          [
            -121.61773218799213,
            39.183743005868884
          ],
          [
            -121.61776212165402,
            39.18371580608007
          ],
          [
            -121.6178439878208,
            39.18362887294151
          ],
          [
            -121.6180251878951,
            39.18346580608439
          ],
          [
            -121.61810798830975,
            39.18337947285519
          ],
          [
            -121.6181825880042,
            39.183248806144384
          ],
          [
            -121.61820558757044,
            39.183217672705055
          ],
          [
            -121.61825998774741,
            39.18315967278091
          ],
          [
            -121.6182831220609,
            39.183129205672294
          ],
          [
            -121.61829598773244,
            39.18309487332285
          ],
          [
            -121.61831118812536,
            39.18302447266623
          ],
          [
            -121.61830898815121,
            39.182953205725305
          ],
          [
            -121.61827432216442,
            39.18259767279012
          ],
          [
            -121.61824172230276,
            39.18242127321804
          ],
          [
            -121.61821312174074,
            39.18231660600395
          ],
          [
            -121.61819998837126,
            39.18228227325763
          ],
          [
            -121.61814432156976,
            39.18218447295443
          ],
          [
            -121.61807018810092,
            39.18209367333575
          ],
          [
            -121.61801512227231,
            39.18199547308083
          ],
          [
            -121.61797358776685,
            39.181893406002416
          ],
          [
            -121.61789818767349,
            39.18176300600713
          ],
          [
            -121.61787578818186,
            39.18169367287681
          ],
          [
            -121.6178465219682,
            39.181626005987525
          ],
          [
            -121.61782598827746,
            39.18159427298836
          ],
          [
            -121.61779832196333,
            39.181565605903195
          ],
          [
            -121.61768072171287,
            39.1813714731172
          ],
          [
            -121.61757332183245,
            39.18113587327419
          ],
          [
            -121.6175485220424,
            39.18106720591515
          ],
          [
            -121.61752358840337,
            39.18096200607911
          ],
          [
            -121.61751198755981,
            39.18092747282349
          ],
          [
            -121.61738392193627,
            39.180584472759385
          ],
          [
            -121.61722938835119,
            39.18028620599294
          ],
          [
            -121.61718952201718,
            39.180183605821114
          ],
          [
            -121.61707358814158,
            39.17995020592309
          ],
          [
            -121.61704378832867,
            39.17988260629362
          ],
          [
            -121.61702378823718,
            39.179776805828375
          ],
          [
            -121.61699472234783,
            39.17970900618099
          ],
          [
            -121.61697432160773,
            39.17963940571702
          ],
          [
            -121.61692638840249,
            39.179501473327605
          ],
          [
            -121.61685412163283,
            39.179331872800304
          ],
          [
            -121.61684438838672,
            39.17929700588885
          ],
          [
            -121.61682812169356,
            39.17926347316658
          ],
          [
            -121.61680752242579,
            39.179231872800194
          ],
          [
            -121.61673452173254,
            39.17914067314405
          ],
          [
            -121.61659512206505,
            39.1789148732664
          ],
          [
            -121.61654632198557,
            39.17885407323461
          ],
          [
            -121.61651792174786,
            39.178825806132124
          ],
          [
            -121.61643812170621,
            39.17869700624254
          ],
          [
            -121.61638618830301,
            39.178637806248716
          ],
          [
            -121.6161885876866,
            39.17843900604585
          ],
          [
            -121.61615538775033,
            39.17841400608985
          ],
          [
            -121.61611698836518,
            39.17839360626959
          ],
          [
            -121.61608392227788,
            39.17836880615237
          ],
          [
            -121.61605978813947,
            39.17833820605189
          ],
          [
            -121.61597598789987,
            39.17825267291016
          ],
          [
            -121.61571678800782,
            39.17800080603617
          ],
          [
            -121.61562192232053,
            39.17792227302353
          ],
          [
            -121.6154913881266,
            39.17782087271916
          ],
          [
            -121.61542178755671,
            39.177773673137445
          ],
          [
            -121.61531298810104,
            39.177706405670506
          ],
          [
            -121.61513918834811,
            39.1776558056576
          ],
          [
            -121.61505392205797,
            39.17762700604959
          ],
          [
            -121.61469552210737,
            39.17754760633901
          ],
          [
            -121.61461212161808,
            39.17751587289166
          ],
          [
            -121.61441492165028,
            39.17742060630861
          ],
          [
            -121.61415072173533,
            39.17727400603209
          ],
          [
            -121.61395832236443,
            39.17717327330857
          ],
          [
            -121.61387678767596,
            39.17713867273304
          ],
          [
            -121.61383358769395,
            39.177125005755194
          ],
          [
            -121.61356992227657,
            39.177053072673026
          ],
          [
            -121.61349032166095,
            39.177016073036214
          ],
          [
            -121.6134073882956,
            39.1769836060687
          ],
          [
            -121.61324798763833,
            39.17690947299889
          ],
          [
            -121.6131709220684,
            39.1768698061756
          ],
          [
            -121.61313758828315,
            39.1768446058023
          ],
          [
            -121.61310138797384,
            39.176822273088554
          ],
          [
            -121.61302272160611,
            39.17678387292121
          ],
          [
            -121.61293952233943,
            39.176751605706066
          ],
          [
            -121.61290212188091,
            39.1767302729573
          ],
          [
            -121.61282058809077,
            39.176695606008074
          ],
          [
            -121.61268892201959,
            39.1766594063189
          ],
          [
            -121.61264352206344,
            39.17665140565789
          ],
          [
            -121.61242598783083,
            39.17658700618817
          ],
          [
            -121.61225498812664,
            39.176529805805174
          ],
          [
            -121.61221352189311,
            39.17651340612509
          ],
          [
            -121.61205298756194,
            39.176440406262685
          ],
          [
            -121.61185978779211,
            39.17634047318052
          ],
          [
            -121.61174152189002,
            39.176283072736055
          ],
          [
            -121.61164598785616,
            39.1762048059112
          ],
          [
            -121.61156732238675,
            39.1761662730943
          ],
          [
            -121.61134838768064,
            39.17604447323743
          ],
          [
            -121.61127072203611,
            39.175955605810536
          ],
          [
            -121.6112001216413,
            39.17586307320462
          ],
          [
            -121.61109972233191,
            39.175702073310944
          ],
          [
            -121.61105298837755,
            39.17564027327636
          ],
          [
            -121.61102132186548,
            39.175573273269876
          ],
          [
            -121.61100278782455,
            39.17550340617365
          ],
          [
            -121.61098458795689,
            39.175325605772116
          ],
          [
            -121.61098272215604,
            39.17507600630873
          ],
          [
            -121.61099852172525,
            39.174612405888354
          ],
          [
            -121.61101572176798,
            39.17443467287354
          ],
          [
            -121.6110283224365,
            39.174364005877
          ],
          [
            -121.61104938792991,
            39.1742944732436
          ],
          [
            -121.61110932172903,
            39.174121006273296
          ],
          [
            -121.61114018784218,
            39.17405367333201
          ],
          [
            -121.61117412170205,
            39.17391347294237
          ],
          [
            -121.61123678817627,
            39.173704872802986
          ],
          [
            -121.6112747878111,
            39.17349280602682
          ],
          [
            -121.61131118844474,
            39.17335307320179
          ],
          [
            -121.61135598832625,
            39.173141873092206
          ],
          [
            -121.6114107217782,
            39.17282347277261
          ],
          [
            -121.61142832157124,
            39.17268147317921
          ],
          [
            -121.61144052159113,
            39.172647272921424
          ],
          [
            -121.61147518757794,
            39.17258100617487
          ],
          [
            -121.61157398788613,
            39.172420206298675
          ],
          [
            -121.61164178823222,
            39.17228727326711
          ],
          [
            -121.61180232166505,
            39.17184040623176
          ],
          [
            -121.61184032219822,
            39.171700872782836
          ],
          [
            -121.61187038791246,
            39.171633405899804
          ],
          [
            -121.61193418806056,
            39.17153807284675
          ],
          [
            -121.61201212230134,
            39.1714492059923
          ],
          [
            -121.61226192222232,
            39.171106606099414
          ],
          [
            -121.61231612207497,
            39.17104847291527
          ],
          [
            -121.61238852179531,
            39.170957206233304
          ],
          [
            -121.61246558826353,
            39.17086800574984
          ],
          [
            -121.61257678801759,
            39.170711406332586
          ],
          [
            -121.61268092162366,
            39.17059320595714
          ],
          [
            -121.61277318758648,
            39.170469605907066
          ],
          [
            -121.61279312210095,
            39.17043727311491
          ],
          [
            -121.61295592198329,
            39.17026360580518
          ],
          [
            -121.6130755883589,
            39.17015407326801
          ],
          [
            -121.61312378836378,
            39.17009300588811
          ],
          [
            -121.61315072165262,
            39.170064205968224
          ],
          [
            -121.61330498843803,
            39.16993040628739
          ],
          [
            -121.6138445875646,
            39.16948620629189
          ],
          [
            -121.61408872181106,
            39.16932020592364
          ],
          [
            -121.61416458813005,
            39.16927860565584
          ],
          [
            -121.61420478773901,
            39.16926060593414
          ],
          [
            -121.61440572200345,
            39.16911140620639
          ],
          [
            -121.61458092222996,
            39.168993673246625
          ],
          [
            -121.61467192156823,
            39.16891240565209
          ],
          [
            -121.61489598834956,
            39.1687304056811
          ],
          [
            -121.61507472165005,
            39.16856547328517
          ],
          [
            -121.61518832170256,
            39.16845220579027
          ],
          [
            -121.61526178772313,
            39.168361205964686
          ],
          [
            -121.61534258758968,
            39.16819420630745
          ],
          [
            -121.61535698758368,
            39.16812367302817
          ],
          [
            -121.61539052169323,
            39.16802027298214
          ],
          [
            -121.61540932163548,
            39.16791427289038
          ],
          [
            -121.61543398757658,
            39.167845472826706
          ],
          [
            -121.61545198801824,
            39.16766800616986
          ],
          [
            -121.61541578770893,
            39.16742000577665
          ],
          [
            -121.61538218802234,
            39.167353406068045
          ],
          [
            -121.61535798830691,
            39.16728460615227
          ],
          [
            -121.61528892223461,
            39.16715200607611
          ],
          [
            -121.6152661220944,
            39.16712107305673
          ],
          [
            -121.61484392199569,
            39.16674020591938
          ],
          [
            -121.61462372156333,
            39.166466672907646
          ],
          [
            -121.61457232175941,
            39.166407206313075
          ],
          [
            -121.61439732185723,
            39.16624007316764
          ],
          [
            -121.61424112189732,
            39.16610747321166
          ],
          [
            -121.6141123223502,
            39.16600420601538
          ],
          [
            -121.6139659876887,
            39.16586540622339
          ],
          [
            -121.61388118762422,
            39.16578027301362
          ],
          [
            -121.61385618840819,
            39.165750205816714
          ],
          [
            -121.61379092220953,
            39.165655472819736
          ],
          [
            -121.61368992192718,
            39.165456073150985
          ],
          [
            -121.61365198786937,
            39.165353073146065
          ],
          [
            -121.61358058797396,
            39.16522140620617
          ],
          [
            -121.6135345879432,
            39.16515927309311
          ],
          [
            -121.6135079223523,
            39.16513000589764
          ],
          [
            -121.61342652241115,
            39.165001805673256
          ],
          [
            -121.61339172167703,
            39.16493560624716
          ],
          [
            -121.61331998760835,
            39.16484367275034
          ],
          [
            -121.61329892211494,
            39.1648120060051
          ],
          [
            -121.61320692205344,
            39.16460967309416
          ],
          [
            -121.61292472169681,
            39.16404300593005
          ],
          [
            -121.61281898819125,
            39.16380667311133
          ],
          [
            -121.61275032186923,
            39.163636405784196
          ],
          [
            -121.6126831880731,
            39.16337207270831
          ],
          [
            -121.6126285219948,
            39.16331420616205
          ],
          [
            -121.612604922354,
            39.16328340588093
          ],
          [
            -121.612456987793,
            39.16306087325758
          ],
          [
            -121.61241918758414,
            39.16299567289119
          ],
          [
            -121.61236818842882,
            39.16289600627261
          ],
          [
            -121.6123381882916,
            39.16282847313245
          ],
          [
            -121.61228372163932,
            39.16269200596794
          ],
          [
            -121.61219992229802,
            39.16245067319465
          ],
          [
            -121.6121693876632,
            39.16238327266175
          ],
          [
            -121.61209872169135,
            39.16225127279922
          ],
          [
            -121.61203892174122,
            39.16215447269613
          ],
          [
            -121.61194672225375,
            39.16199067274652
          ],
          [
            -121.61190458767365,
            39.16192700582522
          ],
          [
            -121.61181358833538,
            39.16180240566206
          ],
          [
            -121.6117961223913,
            39.16176927275946
          ],
          [
            -121.61173258814453,
            39.16167400573928
          ],
          [
            -121.61161392159379,
            39.16148027286439
          ],
          [
            -121.61142078829927,
            39.161040673020636
          ],
          [
            -121.61138492216325,
            39.160974873158146
          ],
          [
            -121.61124798837122,
            39.16067140577531
          ],
          [
            -121.61116292240538,
            39.16046747285227
          ],
          [
            -121.61108618831383,
            39.16026160574831
          ],
          [
            -121.61105712242451,
            39.16019380609097
          ],
          [
            -121.61101892156704,
            39.16012867272113
          ],
          [
            -121.61097092188648,
            39.16006747265259
          ],
          [
            -121.6109285878804,
            39.16000387294831
          ],
          [
            -121.61090932171247,
            39.15997140578836
          ],
          [
            -121.61082712227073,
            39.15980440571473
          ],
          [
            -121.61073958773451,
            39.15967847278635
          ],
          [
            -121.61069232197751,
            39.159577806105354
          ],
          [
            -121.61065652231679,
            39.159511873227515
          ],
          [
            -121.61059572164343,
            39.15941547265541
          ],
          [
            -121.610578588076,
            39.159382406193714
          ],
          [
            -121.61055058758862,
            39.15931440577988
          ],
          [
            -121.61049932163367,
            39.15921480569025
          ],
          [
            -121.61047538781955,
            39.159184073269124
          ],
          [
            -121.61041458804448,
            39.159087805985436
          ],
          [
            -121.61038298800773,
            39.159020606319814
          ],
          [
            -121.61033572225075,
            39.15895920607373
          ],
          [
            -121.61027738835114,
            39.158903406048694
          ],
          [
            -121.61023092209474,
            39.158841605879424
          ],
          [
            -121.61013078778835,
            39.158721405951475
          ],
          [
            -121.61003452162755,
            39.15859920601012
          ],
          [
            -121.60997932194998,
            39.15854160580115
          ],
          [
            -121.60989978780968,
            39.15847867271442
          ]
        ]
      },
      "properties": {
        "OBJECTID": 21232582,
        "permanent_identifier": "129659258",
        "fdate": 1539820800000,
        "resolution": 2,
        "gnis_id": "00223423",
        "gnis_name": "Feather River",
        "lengthkm": 14.91220637,
        "reachcode": "18020159001142",
        "flowdir": 1,
        "wbarea_permanent_identifier": "{67F17103-BA22-453F-9E2F-03DF71FD8FFD}",
        "ftype": 558,
        "fcode": 55800,
        "mainpath": 0,
        "innetwork": 1,
        "visibilityfilter": 0,
        "nhdplusid": 50000900000032,
        "vpuid": "1802",
        "streamleve": 2,
        "streamorde": 9,
        "streamcalc": 9,
        "fromnode": 50000900000020,
        "tonode": 50000900048662,
        "hydroseq": 50000900004771,
        "levelpathi": 50000900002383,
        "pathlength": 175.74422927,
        "terminalpa": 50000900001300,
        "arbolatesu": 30894.91527719,
        "divergence": 1,
        "startflag": 0,
        "terminalfl": 0,
        "uplevelpat": 50000900002383,
        "uphydroseq": 50000900004773,
        "dnlevel": 2,
        "dnlevelpat": 50000900002383,
        "dnhydroseq": 50000900004763,
        "dnminorhyd": 0,
        "dndraincou": 1,
        "frommeas": 0,
        "tomeas": 65.63141632,
        "rtndiv": 0,
        "thinner": null,
        "vpuin": 0,
        "vpuout": 0,
        "areasqkm": 70.06969982999999,
        "totdasqkm": 9665.97631513,
        "divdasqkm": 9665.97631513,
        "maxelevraw": -9998,
        "minelevraw": 1283,
        "maxelevsmo": 1843,
        "minelevsmo": 1419,
        "slope": 0.00028433,
        "slopelenkm": 14.91220637,
        "elevfixed": null,
        "hwtype": null,
        "hwnodesqkm": null,
        "statusflag": "A",
        "qama": 8449.445196,
        "vama": 2.0499611300000002,
        "qincrama": 13.480907,
        "qbma": 8449.445196,
        "vbma": 2.0499611300000002,
        "qincrbma": 13.480907,
        "qcma": 8449.445196,
        "vcma": 2.0499611300000002,
        "qincrcma": 13.480907,
        "qdma": 8449.445196,
        "vdma": 2.0499611300000002,
        "qincrdma": 13.480907,
        "qema": 8449.445196,
        "vema": 2.0499611300000002,
        "qincrema": 13.480907,
        "qfma": 8449.445196,
        "qincrfma": 13.480907,
        "arqnavma": 0,
        "petma": 0,
        "qlossma": 0,
        "qgadjma": 0,
        "qgnavma": 0,
        "gageadjma": 0,
        "avgqadjma": 0,
        "gageidma": "0",
        "gageqma": 0,
        "Shape_Length": 19229.52454542412
      }
    },
    {
      "type": "Feature",
      "id": 21424534,
      "geometry": {
        "type": "LineString",
        "coordinates": [
          [
            -121.5103399881643,
            39.5395018046743
          ],
          [
            -121.51038678769567,
            39.539499472124255
          ],
          [
            -121.51043218765182,
            39.53949087210089
          ],
          [
            -121.51079212192494,
            39.53940887185662
          ],
          [
            -121.51092858769468,
            39.53938260482317
          ],
          [
            -121.51111598794105,
            39.53937220497058
          ],
          [
            -121.51136272191194,
            39.53937047166165
          ]
        ]
      },
      "properties": {
        "OBJECTID": 21424534,
        "permanent_identifier": "129659172",
        "fdate": 1526515200000,
        "resolution": 2,
        "gnis_id": "00223423",
        "gnis_name": "Feather River",
        "lengthkm": 0.08898689000000001,
        "reachcode": "18020159002656",
        "flowdir": 1,
        "wbarea_permanent_identifier": "129660017",
        "ftype": 558,
        "fcode": 55800,
        "mainpath": 0,
        "innetwork": 1,
        "visibilityfilter": 5000000,
        "nhdplusid": 50000900072591,
        "vpuid": "1802",
        "streamleve": 2,
        "streamorde": 9,
        "streamcalc": 9,
        "fromnode": 50000900039532,
        "tonode": 50000900219007,
        "hydroseq": 50000900004931,
        "levelpathi": 50000900002383,
        "pathlength": 241.41471433,
        "terminalpa": 50000900001300,
        "arbolatesu": 29809.737158699998,
        "divergence": 0,
        "startflag": 0,
        "terminalfl": 0,
        "uplevelpat": 50000900002383,
        "uphydroseq": 50000900004932,
        "dnlevel": 2,
        "dnlevelpat": 50000900002383,
        "dnhydroseq": 50000900004928,
        "dnminorhyd": 0,
        "dndraincou": 1,
        "frommeas": 0,
        "tomeas": 100,
        "rtndiv": 0,
        "thinner": null,
        "vpuin": 0,
        "vpuout": 0,
        "areasqkm": 0.0098,
        "totdasqkm": 9018.46701564,
        "divdasqkm": 9018.46701564,
        "maxelevraw": -9998,
        "minelevraw": 7003,
        "maxelevsmo": 7037,
        "minelevsmo": 7037,
        "slope": 1e-05,
        "slopelenkm": 0.08898689000000001,
        "elevfixed": null,
        "hwtype": null,
        "hwnodesqkm": null,
        "statusflag": "A",
        "qama": 8189.476839,
        "vama": -9998,
        "qincrama": 0.003841,
        "qbma": 8189.476839,
        "vbma": -9998,
        "qincrbma": 0.003841,
        "qcma": 8189.476839,
        "vcma": -9998,
        "qincrcma": 0.003841,
        "qdma": 8189.476839,
        "vdma": -9998,
        "qincrdma": 0.003841,
        "qema": 8189.476839,
        "vema": -9998,
        "qincrema": 0.003841,
        "qfma": 8189.476839,
        "qincrfma": 0.003841,
        "arqnavma": 0,
        "petma": 0,
        "qlossma": 0,
        "qgadjma": 0,
        "qgnavma": 0,
        "gageadjma": 0,
        "avgqadjma": 0,
        "gageidma": "0",
        "gageqma": 0,
        "Shape_Length": 116.24419752123971
      }
    },
    {
      "type": "Feature",
      "id": 21692754,
      "geometry": {
        "type": "LineString",
        "coordinates": [
          [
            -121.50427832191711,
            39.53715900509998
          ],
          [
            -121.5045941219603,
            39.537313405276386
          ],
          [
            -121.50466678937856,
            39.537358672153076
          ],
          [
            -121.50474372199783,
            39.53739960491223
          ],
          [
            -121.50526752155513,
            39.53763767175538
          ],
          [
            -121.50542032229001,
            39.53772060519627
          ],
          [
            -121.50567332201003,
            39.53788007184034
          ],
          [
            -121.50577512179296,
            39.53795400504176
          ],
          [
            -121.50600418859717,
            39.53813307202532
          ],
          [
            -121.50617558894999,
            39.538255072162805
          ],
          [
            -121.50630832221974,
            39.53835620487827
          ],
          [
            -121.50644978891069,
            39.538449804865536
          ],
          [
            -121.50658112170689,
            39.53855187185414
          ],
          [
            -121.50680232196414,
            39.538684404918584
          ],
          [
            -121.50704752161252,
            39.53885080471471
          ],
          [
            -121.50721772181613,
            39.538973071693995
          ]
        ]
      },
      "properties": {
        "OBJECTID": 21692754,
        "permanent_identifier": "166452452",
        "fdate": 1520294400000,
        "resolution": 2,
        "gnis_id": "00223423",
        "gnis_name": "Feather River",
        "lengthkm": 0.32384275,
        "reachcode": "18020159002008",
        "flowdir": 1,
        "wbarea_permanent_identifier": "129660017",
        "ftype": 558,
        "fcode": 55800,
        "mainpath": 0,
        "innetwork": 1,
        "visibilityfilter": 5000000,
        "nhdplusid": 50000900102088,
        "vpuid": "1802",
        "streamleve": 2,
        "streamorde": 9,
        "streamcalc": 9,
        "fromnode": 50000900055892,
        "tonode": 50000900007214,
        "hydroseq": 50000900004935,
        "levelpathi": 50000900002383,
        "pathlength": 241.7795993,
        "terminalpa": 50000900001300,
        "arbolatesu": 29770.5880865,
        "divergence": 0,
        "startflag": 0,
        "terminalfl": 0,
        "uplevelpat": 50000900002383,
        "uphydroseq": 50000900004936,
        "dnlevel": 2,
        "dnlevelpat": 50000900002383,
        "dnhydroseq": 50000900004932,
        "dnminorhyd": 0,
        "dndraincou": 1,
        "frommeas": 17.44692993,
        "tomeas": 37.79988098,
        "rtndiv": 0,
        "thinner": null,
        "vpuin": 0,
        "vpuout": 0,
        "areasqkm": 0.11230003000000001,
        "totdasqkm": 9001.22691558,
        "divdasqkm": 9001.22691558,
        "maxelevraw": -9998,
        "minelevraw": 7001,
        "maxelevsmo": 7037,
        "minelevsmo": 7037,
        "slope": 1e-05,
        "slopelenkm": 0.32384275,
        "elevfixed": null,
        "hwtype": null,
        "hwnodesqkm": null,
        "statusflag": "A",
        "qama": 8177.490796,
        "vama": -9998,
        "qincrama": 0.046995,
        "qbma": 8177.490796,
        "vbma": -9998,
        "qincrbma": 0.046995,
        "qcma": 8177.490796,
        "vcma": -9998,
        "qincrcma": 0.046995,
        "qdma": 8177.490796,
        "vdma": -9998,
        "qincrdma": 0.046995,
        "qema": 8177.490796,
        "vema": -9998,
        "qincrema": 0.046995,
        "qfma": 8177.490796,
        "qincrfma": 0.046995,
        "arqnavma": 0,
        "petma": 0,
        "qlossma": 0,
        "qgadjma": 0,
        "qgnavma": 0,
        "gageadjma": 0,
        "avgqadjma": 0,
        "gageidma": "0",
        "gageqma": 0,
        "Shape_Length": 420.83223910842185
      }
    },
    {
      "type": "Feature",
      "id": 22372308,
      "geometry": {
        "type": "LineString",
        "coordinates": [
          [
            -121.48982578904497,
            39.53283540506938
          ],
          [
            -121.48990918863592,
            39.53274907228405
          ],
          [
            -121.48993998917206,
            39.53272207178875
          ],
          [
            -121.49010778907726,
            39.53259747210219
          ],
          [
            -121.49018138894682,
            39.53255300511922
          ],
          [
            -121.49022292165564,
            39.53253727216573
          ],
          [
            -121.49036252164744,
            39.53252320479058
          ],
          [
            -121.4904587222312,
            39.53251987224113
          ],
          [
            -121.49057038910922,
            39.532454805047976
          ],
          [
            -121.49061052224287,
            39.53243640533662
          ],
          [
            -121.49074758898554,
            39.5324118047134
          ],
          [
            -121.49087952185637,
            39.532374471776905
          ],
          [
            -121.490969989392,
            39.53235527181482
          ],
          [
            -121.49101612237341,
            39.53234840508346
          ],
          [
            -121.491378388673,
            39.53231500467158
          ]
        ]
      },
      "properties": {
        "OBJECTID": 22372308,
        "permanent_identifier": "129659179",
        "fdate": 1526515200000,
        "resolution": 2,
        "gnis_id": "00223423",
        "gnis_name": "Feather River",
        "lengthkm": 0.15119551,
        "reachcode": "18020159002253",
        "flowdir": 1,
        "wbarea_permanent_identifier": "129660017",
        "ftype": 558,
        "fcode": 55800,
        "mainpath": 0,
        "innetwork": 1,
        "visibilityfilter": 0,
        "nhdplusid": 50000900280267,
        "vpuid": "1802",
        "streamleve": 2,
        "streamorde": 2,
        "streamcalc": 2,
        "fromnode": 50000900153753,
        "tonode": 50000900219053,
        "hydroseq": 50000900004945,
        "levelpathi": 50000900002383,
        "pathlength": 243.41964082,
        "terminalpa": 50000900001300,
        "arbolatesu": 29759.35407861,
        "divergence": 0,
        "startflag": 0,
        "terminalfl": 0,
        "uplevelpat": 50000900002383,
        "uphydroseq": 50000900004947,
        "dnlevel": 2,
        "dnlevelpat": 50000900002383,
        "dnhydroseq": 50000900004942,
        "dnminorhyd": 0,
        "dndraincou": 1,
        "frommeas": 0,
        "tomeas": 100,
        "rtndiv": 0,
        "thinner": null,
        "vpuin": 0,
        "vpuout": 0,
        "areasqkm": 0.07630001,
        "totdasqkm": 8996.14271556,
        "divdasqkm": 2.56770006,
        "maxelevraw": -9998,
        "minelevraw": 6439,
        "maxelevsmo": 7037,
        "minelevsmo": 7037,
        "slope": 1e-05,
        "slopelenkm": 0.15119551,
        "elevfixed": null,
        "hwtype": null,
        "hwnodesqkm": null,
        "statusflag": "A",
        "qama": 1.342552,
        "vama": -9998,
        "qincrama": 0.035713,
        "qbma": 1.342552,
        "vbma": -9998,
        "qincrbma": 0.035713,
        "qcma": 1.342552,
        "vcma": -9998,
        "qincrcma": 0.035713,
        "qdma": 1.342552,
        "vdma": -9998,
        "qincrdma": 0.035713,
        "qema": 1.342552,
        "vema": -9998,
        "qincrema": 0.035713,
        "qfma": 1.342552,
        "qincrfma": 0.035713,
        "arqnavma": 0,
        "petma": 0,
        "qlossma": 0,
        "qgadjma": 0,
        "qgnavma": 0,
        "gageadjma": 0,
        "avgqadjma": 0,
        "gageidma": "0",
        "gageqma": 0,
        "Shape_Length": 196.9865841451183
      }
    },
    {
      "type": "Feature",
      "id": 22736548,
      "geometry": {
        "type": "LineString",
        "coordinates": [
          [
            -121.54744558818608,
            39.52042627185132
          ],
          [
            -121.54745912220413,
            39.52035660524302
          ],
          [
            -121.54747072214941,
            39.52021407172524
          ],
          [
            -121.54748058834616,
            39.52017920471477
          ],
          [
            -121.54766918784344,
            39.51981460516747
          ],
          [
            -121.5478019220115,
            39.519398405278864
          ],
          [
            -121.54793992210378,
            39.51913287165387
          ],
          [
            -121.54799938788065,
            39.51899767212672
          ],
          [
            -121.54804032231151,
            39.51893420481083
          ],
          [
            -121.54803952191259,
            39.51886280496393
          ],
          [
            -121.5480319221653,
            39.51875600511422
          ],
          [
            -121.54803478779104,
            39.518720404896825
          ],
          [
            -121.54804298761296,
            39.51868520520115
          ],
          [
            -121.54807212177425,
            39.51861740511108
          ],
          [
            -121.54811152188262,
            39.51855260485278
          ],
          [
            -121.54812712202582,
            39.51851900515702
          ],
          [
            -121.54814932209145,
            39.518449471766424
          ],
          [
            -121.54816372208546,
            39.51841767168581
          ],
          [
            -121.548356388256,
            39.518315871691605
          ],
          [
            -121.54843778819718,
            39.51828040499374
          ],
          [
            -121.54852378841089,
            39.51825167196576
          ],
          [
            -121.54856352179424,
            39.518233605279164
          ],
          [
            -121.5486375878894,
            39.51818980475363
          ],
          [
            -121.54870512233414,
            39.51814020533397
          ],
          [
            -121.54879358842334,
            39.51801440487545
          ],
          [
            -121.54902058820403,
            39.51783400467297
          ],
          [
            -121.54912612228362,
            39.51776240480849
          ],
          [
            -121.5491679217921,
            39.51775360528462
          ],
          [
            -121.54921438804847,
            39.51775807226621
          ],
          [
            -121.54926118757984,
            39.51775640494424
          ],
          [
            -121.54935312206435,
            39.51774200471354
          ],
          [
            -121.54939812227019,
            39.51773180466383
          ],
          [
            -121.54948498756153,
            39.51770480525878
          ],
          [
            -121.54960772168386,
            39.51764780509434
          ],
          [
            -121.54964992184095,
            39.51764400475832
          ],
          [
            -121.5498649219261,
            39.517720671854285
          ],
          [
            -121.54990898788407,
            39.51773300491437
          ],
          [
            -121.55000052171994,
            39.517748804976875
          ],
          [
            -121.55018812229062,
            39.51775120478429
          ],
          [
            -121.55023472239598,
            39.51774720487419
          ],
          [
            -121.55032658771019,
            39.51773260506186
          ],
          [
            -121.55041952201961,
            39.51772240501076
          ],
          [
            -121.550700388378,
            39.51770947182336
          ],
          [
            -121.55074678815907,
            39.517703805280625
          ],
          [
            -121.55079092238898,
            39.51769280482687
          ],
          [
            -121.5511151881554,
            39.517563605150045
          ],
          [
            -121.55125318824766,
            39.51758520485742
          ],
          [
            -121.55139272176412,
            39.51759980470073
          ],
          [
            -121.55143958777082,
            39.51760100495354
          ],
          [
            -121.55158032233477,
            39.517597671687966
          ],
          [
            -121.55162672211584,
            39.51759307233558
          ],
          [
            -121.55171798825377,
            39.51757647183783
          ],
          [
            -121.55176172183506,
            39.51756347209652
          ],
          [
            -121.55180338839287,
            39.51754707186502
          ],
          [
            -121.55184252170157,
            39.51752720530713
          ],
          [
            -121.55209738812076,
            39.51737040496607
          ],
          [
            -121.55215738839522,
            39.5173154717148
          ],
          [
            -121.55218292210883,
            39.517285472195375
          ],
          [
            -121.55222692159145,
            39.51721880516432
          ],
          [
            -121.55226832224795,
            39.51720200499588
          ],
          [
            -121.5527003876451,
            39.51706247189675
          ],
          [
            -121.55283518793833,
            39.517031872136755
          ],
          [
            -121.55296592155825,
            39.51699220524785
          ],
          [
            -121.55305018802348,
            39.516960872270374
          ],
          [
            -121.55312732186536,
            39.51692167172545
          ],
          [
            -121.553192588064,
            39.51682687224666
          ],
          [
            -121.55324692176563,
            39.51676867178763
          ],
          [
            -121.55327992227593,
            39.51674340518911
          ],
          [
            -121.55353318789724,
            39.51658420531014
          ],
          [
            -121.55356692233111,
            39.51655947225215
          ],
          [
            -121.5536285880821,
            39.516505672103506
          ],
          [
            -121.55372938804014,
            39.51639727196077
          ],
          [
            -121.55377578782117,
            39.51639167183884
          ],
          [
            -121.55386952163117,
            39.516385872132815
          ],
          [
            -121.55391018836409,
            39.51636847231891
          ],
          [
            -121.55401292239493,
            39.51624940530569
          ],
          [
            -121.55406858829814,
            39.51619200477861
          ],
          [
            -121.55413252229525,
            39.516139672121824
          ],
          [
            -121.55423692180261,
            39.516067872312334
          ],
          [
            -121.55427212228703,
            39.51604420490781
          ],
          [
            -121.55435112192974,
            39.51600580495647
          ],
          [
            -121.55447972205087,
            39.515962472189194
          ],
          [
            -121.55452478783371,
            39.51595240493473
          ],
          [
            -121.55461738796984,
            39.51594180475947
          ],
          [
            -121.55475792220952,
            39.51594300504088
          ],
          [
            -121.55494238765984,
            39.5159174048074
          ],
          [
            -121.55521298807122,
            39.5158602721985
          ],
          [
            -121.55549052167991,
            39.51582467188297
          ],
          [
            -121.55577078796374,
            39.515838272091344
          ],
          [
            -121.55600538839008,
            39.515835071797966
          ],
          [
            -121.55628598794884,
            39.51582120478231
          ],
          [
            -121.55647272164525,
            39.51580827193395
          ],
          [
            -121.55675212195315,
            39.515783605128185
          ],
          [
            -121.55703078833743,
            39.515754004811086
          ],
          [
            -121.55721578828536,
            39.515730805078185
          ],
          [
            -121.55758318755846,
            39.51567340481559
          ],
          [
            -121.55790832199575,
            39.515639004691
          ],
          [
            -121.55831652185076,
            39.51555627217958
          ],
          [
            -121.55859572183432,
            39.51552920470723
          ],
          [
            -121.55900792188727,
            39.51546040499118
          ],
          [
            -121.55910018785009,
            39.515448271806974
          ],
          [
            -121.5591939216601,
            39.51544507218863
          ],
          [
            -121.5592407876668,
            39.51544707220997
          ],
          [
            -121.5593337219762,
            39.51545747218151
          ],
          [
            -121.55956072175695,
            39.51550267222609
          ],
          [
            -121.55977792181622,
            39.515570404669695
          ],
          [
            -121.55982298759908,
            39.515567205056996
          ],
          [
            -121.56005432175105,
            39.515537005196485
          ],
          [
            -121.56023752237346,
            39.515505871841775
          ],
          [
            -121.56039898825756,
            39.51545907233688
          ],
          [
            -121.56049252174326,
            39.515452871994384
          ],
          [
            -121.56063212173504,
            39.51543860503673
          ],
          [
            -121.56072578817141,
            39.51543460499351
          ],
          [
            -121.56086672216139,
            39.51543320511693
          ],
          [
            -121.56091338784377,
            39.51543087175821
          ],
          [
            -121.56095972204778,
            39.51542460488435
          ],
          [
            -121.56142132225486,
            39.51536047178716
          ],
          [
            -121.56151158766956,
            39.515340804883536
          ],
          [
            -121.56173192195087,
            39.51527940493944
          ],
          [
            -121.56177758780834,
            39.51527280471424
          ],
          [
            -121.56201232208366,
            39.51527327180286
          ],
          [
            -121.56210552229437,
            39.515266271710374
          ],
          [
            -121.56237758785795,
            39.51521120512307
          ],
          [
            -121.56255192210853,
            39.515159205065686
          ],
          [
            -121.56259658814108,
            39.515161871771795
          ],
          [
            -121.56264192162187,
            39.51517140482946
          ],
          [
            -121.56273438790905,
            39.515183472225985
          ],
          [
            -121.56287418822514,
            39.515196604777735
          ],
          [
            -121.56292112160544,
            39.51519840521921
          ],
          [
            -121.56296798761214,
            39.515197405204965
          ],
          [
            -121.56301458771753,
            39.51519247166251
          ],
          [
            -121.56319418789226,
            39.5151518723164
          ],
          [
            -121.56323672222264,
            39.51513680486905
          ],
          [
            -121.56343518791668,
            39.51504207225569
          ],
          [
            -121.56357292210761,
            39.51502080509643
          ],
          [
            -121.56361792231347,
            39.515010804927705
          ],
          [
            -121.5636607881222,
            39.51499607217482
          ],
          [
            -121.56398212178752,
            39.51484947213888
          ],
          [
            -121.56416092156336,
            39.514733871756235
          ],
          [
            -121.5642253882614,
            39.514682072316084
          ],
          [
            -121.56428092211229,
            39.51462447229124
          ],
          [
            -121.56435478788315,
            39.514533271980945
          ],
          [
            -121.56439978808899,
            39.514470671709304
          ],
          [
            -121.56444052219554,
            39.51440227220266
          ],
          [
            -121.56457072221619,
            39.51436147211228
          ],
          [
            -121.56474152159612,
            39.514302205109715
          ],
          [
            -121.56482958793501,
            39.51427760499208
          ],
          [
            -121.56492012194593,
            39.51425847210028
          ],
          [
            -121.56536932180883,
            39.514065205203046
          ],
          [
            -121.56549752217967,
            39.51402107217049
          ],
          [
            -121.56558972166718,
            39.51402147204436
          ],
          [
            -121.56572938813429,
            39.51400760466669
          ],
          [
            -121.56582092197016,
            39.513991405265244
          ],
          [
            -121.56590992165859,
            39.51396580500559
          ],
          [
            -121.56595512218874,
            39.5139612047197
          ],
          [
            -121.56600118779652,
            39.51396467191319
          ],
          [
            -121.56614058836233,
            39.51398547229848
          ],
          [
            -121.56632738763575,
            39.513999205234214
          ],
          [
            -121.56637412159009,
            39.51399740476165
          ],
          [
            -121.56641838787236,
            39.51398540507529
          ],
          [
            -121.56646132195304,
            39.51397087169553
          ],
          [
            -121.56737178784971,
            39.51360027190947
          ],
          [
            -121.56756712201665,
            39.51350167218655
          ],
          [
            -121.56760912184944,
            39.51348567225911
          ],
          [
            -121.5678629884437,
            39.51339360486113
          ],
          [
            -121.56799718776398,
            39.51336160495271
          ],
          [
            -121.56816332219263,
            39.51329567223238
          ],
          [
            -121.56846692221593,
            39.513200472084854
          ],
          [
            -121.56868658815068,
            39.51313780477424
          ],
          [
            -121.56887612189585,
            39.513059005012316
          ],
          [
            -121.56896992218118,
            39.51305547193562
          ],
          [
            -121.56901638843755,
            39.513050604772104
          ],
          [
            -121.56906198781972,
            39.51304200493767
          ],
          [
            -121.5692369877219,
            39.51299080509526
          ],
          [
            -121.56936158764505,
            39.51294100514195
          ],
          [
            -121.5694369221614,
            39.512898405078424
          ],
          [
            -121.56957252195524,
            39.51279967198981
          ],
          [
            -121.5696031877441,
            39.5127726720538
          ],
          [
            -121.56965792209436,
            39.51271460472608
          ],
          [
            -121.569716187722,
            39.512631804972536
          ],
          [
            -121.56979378778952,
            39.51259160470509
          ],
          [
            -121.56995298812247,
            39.51251607199469
          ],
          [
            -121.57006118840181,
            39.512447604725
          ],
          [
            -121.57012612222378,
            39.51239560467806
          ],
          [
            -121.5701657882335,
            39.51238040495554
          ],
          [
            -121.57053278775628,
            39.51232027204297
          ],
          [
            -121.57062372241586,
            39.51230227173159
          ],
          [
            -121.57106678768369,
            39.512185005198916
          ],
          [
            -121.57185452215296,
            39.511952471661836
          ],
          [
            -121.57252418834949,
            39.51178707191548
          ],
          [
            -121.57261552186107,
            39.511770671706294
          ],
          [
            -121.57303278841222,
            39.51171987220019
          ],
          [
            -121.57307778771973,
            39.51171000531406
          ],
          [
            -121.57338658809023,
            39.5116248722628
          ],
          [
            -121.57364432193178,
            39.51153840499166
          ],
          [
            -121.5738211876348,
            39.51149067205117
          ],
          [
            -121.5739111880465,
            39.51147060485646
          ],
          [
            -121.5740033884323,
            39.51145767189122
          ],
          [
            -121.57404932198773,
            39.51146487196527
          ],
          [
            -121.57418252238143,
            39.51149980503117
          ],
          [
            -121.57435432158627,
            39.511557404874544
          ],
          [
            -121.57439918794313,
            39.5115676716703
          ],
          [
            -121.57458238766722,
            39.51159927182415
          ],
          [
            -121.57467238807888,
            39.51161187210078
          ],
          [
            -121.5748977879601,
            39.511483404754166
          ],
          [
            -121.5749763222755,
            39.51144427180922
          ],
          [
            -121.57535018762202,
            39.51129480475593
          ],
          [
            -121.57547272231837,
            39.51124200475955
          ],
          [
            -121.5756007879419,
            39.5111976717211
          ],
          [
            -121.57577672209197,
            39.51114780533569
          ],
          [
            -121.57582212204812,
            39.511141605301425
          ],
          [
            -121.57591532225884,
            39.51115060526155
          ],
          [
            -121.57613112184463,
            39.511178205316746
          ]
        ]
      },
      "properties": {
        "OBJECTID": 22736548,
        "permanent_identifier": "129659373",
        "fdate": 1539820800000,
        "resolution": 2,
        "gnis_id": "00223423",
        "gnis_name": "Feather River",
        "lengthkm": 2.87763149,
        "reachcode": "18020159001237",
        "flowdir": 1,
        "wbarea_permanent_identifier": "{67F17103-BA22-453F-9E2F-03DF71FD8FFD}",
        "ftype": 558,
        "fcode": 55800,
        "mainpath": 0,
        "innetwork": 1,
        "visibilityfilter": 5000000,
        "nhdplusid": 50000900457597,
        "vpuid": "1802",
        "streamleve": 2,
        "streamorde": 9,
        "streamcalc": 9,
        "fromnode": 50000900251437,
        "tonode": 50000900055759,
        "hydroseq": 50000900004899,
        "levelpathi": 50000900002383,
        "pathlength": 232.76665544000002,
        "terminalpa": 50000900001300,
        "arbolatesu": 29857.69371858,
        "divergence": 0,
        "startflag": 0,
        "terminalfl": 0,
        "uplevelpat": 50000900002383,
        "uphydroseq": 50000900004902,
        "dnlevel": 2,
        "dnlevelpat": 50000900002383,
        "dnhydroseq": 50000900004898,
        "dnminorhyd": 0,
        "dndraincou": 1,
        "frommeas": 24.87111092,
        "tomeas": 99.18392944,
        "rtndiv": 0,
        "thinner": null,
        "vpuin": 0,
        "vpuout": 0,
        "areasqkm": 4.18470004,
        "totdasqkm": 9044.94241558,
        "divdasqkm": 9044.94241558,
        "maxelevraw": -9998,
        "minelevraw": 3845,
        "maxelevsmo": 4537,
        "minelevsmo": 4028,
        "slope": 0.0017688200000000002,
        "slopelenkm": 2.87763149,
        "elevfixed": null,
        "hwtype": null,
        "hwnodesqkm": null,
        "statusflag": "A",
        "qama": 8200.333229,
        "vama": 2.6088894,
        "qincrama": 1.2551990000000002,
        "qbma": 8200.333229,
        "vbma": 2.6088894,
        "qincrbma": 1.2551990000000002,
        "qcma": 8200.333229,
        "vcma": 2.6088894,
        "qincrcma": 1.2551990000000002,
        "qdma": 8200.333229,
        "vdma": 2.6088894,
        "qincrdma": 1.2551990000000002,
        "qema": 8200.333229,
        "vema": 2.6088894,
        "qincrema": 1.2551990000000002,
        "qfma": 8200.333229,
        "qincrfma": 1.2551990000000002,
        "arqnavma": 0,
        "petma": 0,
        "qlossma": 0,
        "qgadjma": 0,
        "qgnavma": 0,
        "gageadjma": 0,
        "avgqadjma": 0,
        "gageidma": "0",
        "gageqma": 0,
        "Shape_Length": 3747.317315675133
      }
    },
    {
      "type": "Feature",
      "id": 22754606,
      "geometry": {
        "type": "LineString",
        "coordinates": [
          [
            -121.49510378929284,
            39.5322118047246
          ],
          [
            -121.49549878930303,
            39.532438871841904
          ],
          [
            -121.495658189062,
            39.532514272033545
          ],
          [
            -121.49574292175286,
            39.53254500492532
          ],
          [
            -121.49592178890234,
            39.532587471692864
          ],
          [
            -121.49595952173753,
            39.53260887204057
          ],
          [
            -121.49616032215299,
            39.53270120495956
          ],
          [
            -121.49624498926686,
            39.532732004973624
          ],
          [
            -121.49633372215565,
            39.53275547200479
          ],
          [
            -121.49651338880577,
            39.53279667214126
          ],
          [
            -121.49655592223782,
            39.53281120504603
          ],
          [
            -121.49667152194013,
            39.53287240519757
          ],
          [
            -121.49675412203051,
            39.53290627231132
          ],
          [
            -121.49688132167813,
            39.53295167231465
          ],
          [
            -121.49695812224503,
            39.532992805129936
          ],
          [
            -121.49703998931012,
            39.533027671942484
          ],
          [
            -121.49738778914038,
            39.53313540525959
          ],
          [
            -121.49758558918276,
            39.533231272300284
          ],
          [
            -121.49787838876144,
            39.53340987202932
          ],
          [
            -121.49795878887767,
            39.533446672316735
          ],
          [
            -121.49808612237427,
            39.533492604751395
          ],
          [
            -121.49823992203574,
            39.53357407227241
          ],
          [
            -121.49836498908286,
            39.5336230717668
          ],
          [
            -121.49852338901691,
            39.53369947180584
          ],
          [
            -121.49860832203207,
            39.53373000533196
          ],
          [
            -121.4986901217235,
            39.53376400504978
          ],
          [
            -121.49876992176515,
            39.53380147233993
          ],
          [
            -121.49885472182967,
            39.53383207233236
          ],
          [
            -121.49894338914147,
            39.533855405276505
          ],
          [
            -121.49912432241611,
            39.533894671781255
          ],
          [
            -121.49916352220015,
            39.533912205076334
          ],
          [
            -121.49943498858744,
            39.53410940532318
          ],
          [
            -121.49968672168288,
            39.53427007191413
          ],
          [
            -121.49987632190337,
            39.534375205231214
          ],
          [
            -121.49991218893773,
            39.53439787219379
          ],
          [
            -121.50000752174893,
            39.53447667199523
          ],
          [
            -121.50011398917809,
            39.53454667223272
          ],
          [
            -121.50014692231471,
            39.53457180487595
          ],
          [
            -121.50024038932509,
            39.53465180513091
          ],
          [
            -121.5004473216407,
            39.53479707196195
          ],
          [
            -121.50052038880926,
            39.53484200515734
          ],
          [
            -121.50055338931953,
            39.534865871921895
          ],
          [
            -121.50057352236168,
            39.53489840508908
          ],
          [
            -121.50062018894236,
            39.534960404985654
          ],
          [
            -121.50067298921984,
            39.53501947215046
          ],
          [
            -121.50073172197142,
            39.535075071739875
          ],
          [
            -121.50083012163103,
            39.535151671789095
          ],
          [
            -121.50090192217503,
            39.535197671683925
          ],
          [
            -121.50097792234304,
            39.535239471730684
          ],
          [
            -121.50100632168242,
            39.535267471664994
          ],
          [
            -121.50118678873143,
            39.53547640492717
          ],
          [
            -121.50120658939692,
            39.53550827201977
          ],
          [
            -121.50122692186505,
            39.535578071688526
          ],
          [
            -121.50131718907639,
            39.5358182716897
          ],
          [
            -121.5013489220638,
            39.53592260524498
          ],
          [
            -121.50137212195433,
            39.535946604656324
          ]
        ]
      },
      "properties": {
        "OBJECTID": 22754606,
        "permanent_identifier": "166452451",
        "fdate": 1327255189000,
        "resolution": 2,
        "gnis_id": "00223423",
        "gnis_name": "Feather River",
        "lengthkm": 0.7010000000000001,
        "reachcode": "18020159002008",
        "flowdir": 1,
        "wbarea_permanent_identifier": "129660017",
        "ftype": 558,
        "fcode": 55800,
        "mainpath": 0,
        "innetwork": 1,
        "visibilityfilter": 5000000,
        "nhdplusid": 50000900190983,
        "vpuid": "1802",
        "streamleve": 2,
        "streamorde": 2,
        "streamcalc": 2,
        "fromnode": 50000900104641,
        "tonode": 50000900104640,
        "hydroseq": 50000900004939,
        "levelpathi": 50000900002383,
        "pathlength": 242.39139511,
        "terminalpa": 50000900001300,
        "arbolatesu": 29762.549605019998,
        "divergence": 0,
        "startflag": 0,
        "terminalfl": 0,
        "uplevelpat": 50000900002383,
        "uphydroseq": 50000900004941,
        "dnlevel": 2,
        "dnlevelpat": 50000900002383,
        "dnhydroseq": 50000900004936,
        "dnminorhyd": 0,
        "dndraincou": 1,
        "frommeas": 55.94736862,
        "tomeas": 100,
        "rtndiv": 0,
        "thinner": null,
        "vpuin": 0,
        "vpuout": 0,
        "areasqkm": 0.73409998,
        "totdasqkm": 8997.98141559,
        "divdasqkm": 4.40640009,
        "maxelevraw": -9998,
        "minelevraw": 6424,
        "maxelevsmo": 7037,
        "minelevsmo": 7037,
        "slope": 1e-05,
        "slopelenkm": 0.7010000000000001,
        "elevfixed": null,
        "hwtype": null,
        "hwnodesqkm": null,
        "statusflag": "A",
        "qama": 2.158389,
        "vama": -9998,
        "qincrama": 0.313331,
        "qbma": 2.158389,
        "vbma": -9998,
        "qincrbma": 0.313331,
        "qcma": 2.158389,
        "vcma": -9998,
        "qincrcma": 0.313331,
        "qdma": 2.158389,
        "vdma": -9998,
        "qincrdma": 0.313331,
        "qema": 2.158389,
        "vema": -9998,
        "qincrema": 0.313331,
        "qfma": 2.158389,
        "qincrfma": 0.313331,
        "arqnavma": 0,
        "petma": 0,
        "qlossma": 0,
        "qgadjma": 0,
        "qgnavma": 0,
        "gageadjma": 0,
        "avgqadjma": 0,
        "gageidma": "0",
        "gageqma": 0,
        "Shape_Length": 910.7689689601979
      }
    },
    {
      "type": "Feature",
      "id": 22962515,
      "geometry": {
        "type": "LineString",
        "coordinates": [
          [
            -121.6355257018313,
            39.25639476076381
          ],
          [
            -121.63551784067424,
            39.256284716994934
          ],
          [
            -121.63522619363413,
            39.25502838696973
          ]
        ]
      },
      "properties": {
        "OBJECTID": 22962515,
        "permanent_identifier": "{4D915927-ADDA-47DD-A091-900D799B20E1}",
        "fdate": 1539820800000,
        "resolution": 2,
        "gnis_id": "00223423",
        "gnis_name": "Feather River",
        "lengthkm": 0.15534782,
        "reachcode": "18020159001142",
        "flowdir": 1,
        "wbarea_permanent_identifier": "{67F17103-BA22-453F-9E2F-03DF71FD8FFD}",
        "ftype": 558,
        "fcode": 55800,
        "mainpath": 0,
        "innetwork": 1,
        "visibilityfilter": 0,
        "nhdplusid": 50000900072019,
        "vpuid": "1802",
        "streamleve": 2,
        "streamorde": 9,
        "streamcalc": 9,
        "fromnode": 50000900039272,
        "tonode": 50000900169789,
        "hydroseq": 50000900004791,
        "levelpathi": 50000900002383,
        "pathlength": 191.5246261,
        "terminalpa": 50000900001300,
        "arbolatesu": 30879.13488036,
        "divergence": 0,
        "startflag": 0,
        "terminalfl": 0,
        "uplevelpat": 50000900002383,
        "uphydroseq": 50000900004796,
        "dnlevel": 2,
        "dnlevelpat": 50000900002383,
        "dnhydroseq": 50000900004782,
        "dnminorhyd": 0,
        "dndraincou": 1,
        "frommeas": 69.42704773000001,
        "tomeas": 70.10588837,
        "rtndiv": 0,
        "thinner": null,
        "vpuin": 0,
        "vpuout": 0,
        "areasqkm": 0.03109999,
        "totdasqkm": 9595.08561535,
        "divdasqkm": 9595.08561535,
        "maxelevraw": -9998,
        "minelevraw": 1870,
        "maxelevsmo": 1870,
        "minelevsmo": 1870,
        "slope": 1e-05,
        "slopelenkm": 0.15534782,
        "elevfixed": null,
        "hwtype": null,
        "hwnodesqkm": null,
        "statusflag": "A",
        "qama": 8435.806838,
        "vama": 1.32992197,
        "qincrama": 0.005973,
        "qbma": 8435.806838,
        "vbma": 1.32992197,
        "qincrbma": 0.005973,
        "qcma": 8435.806838,
        "vcma": 1.32992197,
        "qincrcma": 0.005973,
        "qdma": 8435.806838,
        "vdma": 1.32992197,
        "qincrdma": 0.005973,
        "qema": 8435.806838,
        "vema": 1.32992197,
        "qincrema": 0.005973,
        "qfma": 8435.806838,
        "qincrfma": 0.005973,
        "arqnavma": 0,
        "petma": 0,
        "qlossma": 0,
        "qgadjma": 0,
        "qgnavma": 0,
        "gageadjma": 0,
        "avgqadjma": 0,
        "gageidma": "0",
        "gageqma": 0,
        "Shape_Length": 199.35214329934783
      }
    },
    {
      "type": "Feature",
      "id": 23127516,
      "geometry": {
        "type": "LineString",
        "coordinates": [
          [
            -121.62666618771591,
            39.34565647167265
          ],
          [
            -121.62667892223337,
            39.34558620631954
          ],
          [
            -121.62674432228101,
            39.34537920568619
          ],
          [
            -121.62678312231476,
            39.34531460604636
          ],
          [
            -121.62728970655799,
            39.34444512933423
          ],
          [
            -121.6276323491602,
            39.34353141594421
          ],
          [
            -121.62787981256307,
            39.3423702387882
          ],
          [
            -121.62796198775034,
            39.34157087193878
          ],
          [
            -121.62794958830445,
            39.3415364719047
          ],
          [
            -121.62793538773646,
            39.34146600579796
          ],
          [
            -121.62793632198434,
            39.34139460588799
          ],
          [
            -121.6279141219187,
            39.34128900583488
          ],
          [
            -121.62790612242111,
            39.34121787183068
          ],
          [
            -121.62790852182125,
            39.341110872296056
          ],
          [
            -121.62793752213356,
            39.34082627189779
          ],
          [
            -121.62797778821786,
            39.34065060631639
          ],
          [
            -121.62798098801692,
            39.34061520608564
          ],
          [
            -121.62797058822085,
            39.34054427217838
          ]
        ]
      },
      "properties": {
        "OBJECTID": 23127516,
        "permanent_identifier": "129659436",
        "fdate": 1539820800000,
        "resolution": 2,
        "gnis_id": "00223423",
        "gnis_name": "Feather River",
        "lengthkm": 0.59052369,
        "reachcode": "18020159002790",
        "flowdir": 1,
        "wbarea_permanent_identifier": "{67F17103-BA22-453F-9E2F-03DF71FD8FFD}",
        "ftype": 558,
        "fcode": 55800,
        "mainpath": 0,
        "innetwork": 1,
        "visibilityfilter": 5000000,
        "nhdplusid": 50000900279613,
        "vpuid": "1802",
        "streamleve": 2,
        "streamorde": 9,
        "streamcalc": 9,
        "fromnode": 50000900055610,
        "tonode": 50000900120824,
        "hydroseq": 50000900004848,
        "levelpathi": 50000900002383,
        "pathlength": 205.85234505000003,
        "terminalpa": 50000900001300,
        "arbolatesu": 29890.89898491,
        "divergence": 1,
        "startflag": 0,
        "terminalfl": 0,
        "uplevelpat": 50000900002383,
        "uphydroseq": 50000900004854,
        "dnlevel": 2,
        "dnlevelpat": 50000900002383,
        "dnhydroseq": 50000900004829,
        "dnminorhyd": 0,
        "dndraincou": 1,
        "frommeas": 9.34883022,
        "tomeas": 73.65290833,
        "rtndiv": 0,
        "thinner": null,
        "vpuin": 0,
        "vpuout": 0,
        "areasqkm": 0.14420003,
        "totdasqkm": 9074.608115519999,
        "divdasqkm": 9074.608115519999,
        "maxelevraw": -9998,
        "minelevraw": 2355,
        "maxelevsmo": 2358,
        "minelevsmo": 2358,
        "slope": 1e-05,
        "slopelenkm": 0.59052369,
        "elevfixed": null,
        "hwtype": null,
        "hwnodesqkm": null,
        "statusflag": "A",
        "qama": 8207.034127,
        "vama": 1.3192289,
        "qincrama": 0.028097,
        "qbma": 8207.034127,
        "vbma": 1.3192289,
        "qincrbma": 0.028097,
        "qcma": 8207.034127,
        "vcma": 1.3192289,
        "qincrcma": 0.028097,
        "qdma": 8207.034127,
        "vdma": 1.3192289,
        "qincrdma": 0.028097,
        "qema": 8207.034127,
        "vema": 1.3192289,
        "qincrema": 0.028097,
        "qfma": 8207.034127,
        "qincrfma": 0.028097,
        "arqnavma": 0,
        "petma": 0,
        "qlossma": 0,
        "qgadjma": 0,
        "qgnavma": 0,
        "gageadjma": 0,
        "avgqadjma": 0,
        "gageidma": "0",
        "gageqma": 0,
        "Shape_Length": 759.0962378430604
      }
    },
    {
      "type": "Feature",
      "id": 23148669,
      "geometry": {
        "type": "LineString",
        "coordinates": [
          [
            -121.53326058797859,
            39.541114204964586
          ],
          [
            -121.53349512192959,
            39.541105472132884
          ],
          [
            -121.53358912164094,
            39.541105472132884
          ],
          [
            -121.53368292192627,
            39.541109271877744
          ],
          [
            -121.53391632220338,
            39.54112860519797
          ],
          [
            -121.53410192222593,
            39.54115060491377
          ],
          [
            -121.53428718807518,
            39.541174071869946
          ],
          [
            -121.53437858806207,
            39.541190472063626
          ],
          [
            -121.53469178838083,
            39.541266204968366
          ],
          [
            -121.53477918816976,
            39.5412922052729
          ],
          [
            -121.53490398841723,
            39.541341871979164
          ],
          [
            -121.53510332188384,
            39.54143627222149
          ],
          [
            -121.5352979221272,
            39.54153607230429
          ],
          [
            -121.53544338811778,
            39.54162627215844
          ],
          [
            -121.53564792193157,
            39.541714072223385
          ],
          [
            -121.53572792229753,
            39.541751472182604
          ],
          [
            -121.53583738830308,
            39.54181880494347
          ],
          [
            -121.53594052208423,
            39.54189180497948
          ],
          [
            -121.53600512173296,
            39.5419436049072
          ],
          [
            -121.53609492182031,
            39.54202560492771
          ],
          [
            -121.53624838820684,
            39.54210800525626
          ],
          [
            -121.53639638834483,
            39.54219587190765
          ],
          [
            -121.53643558812888,
            39.542213071975745
          ]
        ]
      },
      "properties": {
        "OBJECTID": 23148669,
        "permanent_identifier": "{49FD48AD-4AC6-4610-8463-2A18FD734A56}",
        "fdate": 1520294400000,
        "resolution": 2,
        "gnis_id": "00223423",
        "gnis_name": "Feather River",
        "lengthkm": 0.30776304000000004,
        "reachcode": "18020159002012",
        "flowdir": 1,
        "wbarea_permanent_identifier": "129660017",
        "ftype": 558,
        "fcode": 55800,
        "mainpath": 0,
        "innetwork": 1,
        "visibilityfilter": 5000000,
        "nhdplusid": 50000900190908,
        "vpuid": "1802",
        "streamleve": 2,
        "streamorde": 9,
        "streamcalc": 9,
        "fromnode": 50000900104606,
        "tonode": 50000900104604,
        "hydroseq": 50000900004920,
        "levelpathi": 50000900002383,
        "pathlength": 239.01622683,
        "terminalpa": 50000900001300,
        "arbolatesu": 29838.3533408,
        "divergence": 0,
        "startflag": 0,
        "terminalfl": 0,
        "uplevelpat": 50000900002383,
        "uphydroseq": 50000900004923,
        "dnlevel": 2,
        "dnlevelpat": 50000900002383,
        "dnhydroseq": 50000900004919,
        "dnminorhyd": 0,
        "dndraincou": 1,
        "frommeas": 22.174219129999997,
        "tomeas": 44.83800125,
        "rtndiv": 0,
        "thinner": null,
        "vpuin": 0,
        "vpuout": 0,
        "areasqkm": 0.10729998,
        "totdasqkm": 9030.894715490002,
        "divdasqkm": 9030.894715490002,
        "maxelevraw": -9998,
        "minelevraw": 6958,
        "maxelevsmo": 7037,
        "minelevsmo": 7037,
        "slope": 1e-05,
        "slopelenkm": 0.30776304000000004,
        "elevfixed": null,
        "hwtype": null,
        "hwnodesqkm": null,
        "statusflag": "A",
        "qama": 8194.791332,
        "vama": -9998,
        "qincrama": 0.040612,
        "qbma": 8194.791332,
        "vbma": -9998,
        "qincrbma": 0.040612,
        "qcma": 8194.791332,
        "vcma": -9998,
        "qincrcma": 0.040612,
        "qdma": 8194.791332,
        "vdma": -9998,
        "qincrdma": 0.040612,
        "qema": 8194.791332,
        "vema": -9998,
        "qincrema": 0.040612,
        "qfma": 8194.791332,
        "qincrfma": 0.040612,
        "arqnavma": 0,
        "petma": 0,
        "qlossma": 0,
        "qgadjma": 0,
        "qgnavma": 0,
        "gageadjma": 0,
        "avgqadjma": 0,
        "gageidma": "0",
        "gageqma": 0,
        "Shape_Length": 401.0166283324895
      }
    },
    {
      "type": "Feature",
      "id": 23298810,
      "geometry": {
        "type": "LineString",
        "coordinates": [
          [
            -121.6278277992098,
            39.25953100129871
          ],
          [
            -121.62879586328586,
            39.25955647596637
          ],
          [
            -121.630104566721,
            39.25997288200632
          ],
          [
            -121.63156198714975,
            39.260686719052615
          ],
          [
            -121.63278146092773,
            39.261222097805195
          ],
          [
            -121.63385221861041,
            39.261579016788566
          ],
          [
            -121.63480400341689,
            39.261697989842816
          ],
          [
            -121.63527989492181,
            39.26148978808252
          ],
          [
            -121.63569630088693,
            39.261073382011084
          ],
          [
            -121.63574410024317,
            39.26043640390773
          ]
        ]
      },
      "properties": {
        "OBJECTID": 23298810,
        "permanent_identifier": "{6F2A29BF-2E48-4DB8-BE62-B496C7F55580}",
        "fdate": 1539820800000,
        "resolution": 2,
        "gnis_id": "00223423",
        "gnis_name": "Feather River",
        "lengthkm": 0.8318777500000001,
        "reachcode": "18020159001142",
        "flowdir": 1,
        "wbarea_permanent_identifier": "{67F17103-BA22-453F-9E2F-03DF71FD8FFD}",
        "ftype": 558,
        "fcode": 55800,
        "mainpath": 0,
        "innetwork": 1,
        "visibilityfilter": 0,
        "nhdplusid": 50000900190423,
        "vpuid": "1802",
        "streamleve": 2,
        "streamorde": 9,
        "streamcalc": 9,
        "fromnode": 50000900104373,
        "tonode": 50000900071850,
        "hydroseq": 50000900004798,
        "levelpathi": 50000900002383,
        "pathlength": 192.13369114,
        "terminalpa": 50000900001300,
        "arbolatesu": 30878.52581532,
        "divergence": 0,
        "startflag": 0,
        "terminalfl": 0,
        "uplevelpat": 50000900002383,
        "uphydroseq": 50000900004805,
        "dnlevel": 2,
        "dnlevelpat": 50000900002383,
        "dnhydroseq": 50000900004796,
        "dnminorhyd": 0,
        "dndraincou": 1,
        "frommeas": 72.08757019000001,
        "tomeas": 75.77150726,
        "rtndiv": 0,
        "thinner": null,
        "vpuin": 0,
        "vpuout": 0,
        "areasqkm": 0.31339996000000003,
        "totdasqkm": 9594.90041534,
        "divdasqkm": 9594.90041534,
        "maxelevraw": -9998,
        "minelevraw": 1870,
        "maxelevsmo": 1870,
        "minelevsmo": 1870,
        "slope": 1e-05,
        "slopelenkm": 0.8318777500000001,
        "elevfixed": null,
        "hwtype": null,
        "hwnodesqkm": null,
        "statusflag": "A",
        "qama": 8435.771187,
        "vama": 1.3299186900000002,
        "qincrama": 0.060429000000000004,
        "qbma": 8435.771187,
        "vbma": 1.3299186900000002,
        "qincrbma": 0.060429000000000004,
        "qcma": 8435.771187,
        "vcma": 1.3299186900000002,
        "qincrcma": 0.060429000000000004,
        "qdma": 8435.771187,
        "vdma": 1.3299186900000002,
        "qincrdma": 0.060429000000000004,
        "qema": 8435.771187,
        "vema": 1.3299186900000002,
        "qincrema": 0.060429000000000004,
        "qfma": 8435.771187,
        "qincrfma": 0.060429000000000004,
        "arqnavma": 0,
        "petma": 0,
        "qlossma": 0,
        "qgadjma": 0,
        "qgnavma": 0,
        "gageadjma": 0,
        "avgqadjma": 0,
        "gageidma": "0",
        "gageqma": 0,
        "Shape_Length": 1078.7582843738926
      }
    },
    {
      "type": "Feature",
      "id": 24245723,
      "geometry": {
        "type": "LineString",
        "coordinates": [
          [
            -121.59809352198295,
            39.12734580594588
          ],
          [
            -121.59811112177599,
            39.127203672750376
          ],
          [
            -121.59812118829707,
            39.127025406024366
          ],
          [
            -121.59813332184162,
            39.12691867309054
          ],
          [
            -121.59815932178088,
            39.12677740593873
          ],
          [
            -121.59821272213296,
            39.12653087328913
          ],
          [
            -121.59823732159867,
            39.12638940605377
          ],
          [
            -121.59825512171605,
            39.12631940578946
          ],
          [
            -121.59829932242128,
            39.126180672668525
          ],
          [
            -121.59853954091143,
            39.12389912977465
          ],
          [
            -121.59901543421296,
            39.1225606826915
          ],
          [
            -121.59976818828505,
            39.12125967334184
          ],
          [
            -121.60190292226835,
            39.11771227320616
          ],
          [
            -121.60329846314708,
            39.11571973284141
          ],
          [
            -121.60416101919468,
            39.113132068977514
          ],
          [
            -121.6040123022011,
            39.109949540182896
          ],
          [
            -121.60374461233127,
            39.10757007925667
          ],
          [
            -121.60347692335972,
            39.10447677992668
          ],
          [
            -121.60288205808027,
            39.102989615964574
          ],
          [
            -121.6020789893691,
            39.10159168323741
          ],
          [
            -121.60112720456263,
            39.10063989868345
          ],
          [
            -121.6004133682036,
            39.100045034044754
          ],
          [
            -121.59892878811056,
            39.099716472676256
          ],
          [
            -121.59878878836845,
            39.099719673232855
          ],
          [
            -121.59864892157702,
            39.099718872919446
          ],
          [
            -121.59813732203959,
            39.099689006164276
          ],
          [
            -121.59804532197808,
            39.099676673105016
          ],
          [
            -121.59795598811633,
            39.099656072687544
          ],
          [
            -121.5977739220661,
            39.09962480605255
          ],
          [
            -121.59741958789049,
            39.0995354733308
          ],
          [
            -121.59724678796245,
            39.09948180616039
          ],
          [
            -121.59708158778172,
            39.099415405685775
          ],
          [
            -121.59700132241277,
            39.099379072824306
          ],
          [
            -121.59687372211654,
            39.09933500586309
          ],
          [
            -121.59679058842688,
            39.099302473077245
          ],
          [
            -121.59675092241719,
            39.09928367326677
          ],
          [
            -121.59662272204636,
            39.099240872952734
          ],
          [
            -121.59654152242952,
            39.09920580601155
          ],
          [
            -121.5964991219481,
            39.09919100568103
          ],
          [
            -121.59641098823559,
            39.09916727286011
          ],
          [
            -121.59611012178569,
            39.09907040622599
          ],
          [
            -121.59606498773086,
            39.09905840629322
          ]
        ]
      },
      "properties": {
        "OBJECTID": 24245723,
        "permanent_identifier": "129659269",
        "fdate": 1539820800000,
        "resolution": 2,
        "gnis_id": "00223423",
        "gnis_name": "Feather River",
        "lengthkm": 3.62823301,
        "reachcode": "18020159001973",
        "flowdir": 1,
        "wbarea_permanent_identifier": "{67F17103-BA22-453F-9E2F-03DF71FD8FFD}",
        "ftype": 558,
        "fcode": 55800,
        "mainpath": 0,
        "innetwork": 1,
        "visibilityfilter": 5000000,
        "nhdplusid": 50000900398364,
        "vpuid": "1802",
        "streamleve": 2,
        "streamorde": 9,
        "streamcalc": 9,
        "fromnode": 50000900218799,
        "tonode": 50000900048663,
        "hydroseq": 50000900004748,
        "levelpathi": 50000900002383,
        "pathlength": 168.27127172,
        "terminalpa": 50000900001300,
        "arbolatesu": 43832.54603966,
        "divergence": 0,
        "startflag": 0,
        "terminalfl": 0,
        "uplevelpat": 50000900002383,
        "uphydroseq": 50000900004763,
        "dnlevel": 2,
        "dnlevelpat": 50000900002383,
        "dnhydroseq": 50000900004746,
        "dnminorhyd": 50000900004743,
        "dndraincou": 2,
        "frommeas": 0,
        "tomeas": 100,
        "rtndiv": 0,
        "thinner": null,
        "vpuin": 0,
        "vpuout": 0,
        "areasqkm": 4.38680001,
        "totdasqkm": 13252.064924929999,
        "divdasqkm": 13252.064924929999,
        "maxelevraw": -9998,
        "minelevraw": 1129,
        "maxelevsmo": 1310,
        "minelevsmo": 1129,
        "slope": 0.00049887,
        "slopelenkm": 3.62823301,
        "elevfixed": null,
        "hwtype": null,
        "hwnodesqkm": null,
        "statusflag": "A",
        "qama": 12877.0927,
        "vama": 2.37362625,
        "qincrama": 0.762089,
        "qbma": 12877.0927,
        "vbma": 2.37362625,
        "qincrbma": 0.762089,
        "qcma": 12877.0927,
        "vcma": 2.37362625,
        "qincrcma": 0.762089,
        "qdma": 12877.0927,
        "vdma": 2.37362625,
        "qincrdma": 0.762089,
        "qema": 12877.0927,
        "vema": 2.37362625,
        "qincrema": 0.762089,
        "qfma": 12877.0927,
        "qincrfma": 0.762089,
        "arqnavma": 0,
        "petma": 0,
        "qlossma": 0,
        "qgadjma": 0,
        "qgnavma": 0,
        "gageadjma": 0,
        "avgqadjma": 0,
        "gageidma": "0",
        "gageqma": 0,
        "Shape_Length": 4657.622943701981
      }
    }
  ]
}